protein1	protein2	relation
ABCA4	CNGB1	INTERACTS_WITH
ABCA4	EYS	INTERACTS_WITH
ABCA4	RDH12	INTERACTS_WITH
ABCA4	SEMA4A	INTERACTS_WITH
ABCA8	SLC22A8	INTERACTS_WITH
ABCB1	P2RY12	INTERACTS_WITH
ABCC9	EYA4	INTERACTS_WITH
ABCC9	KCNJ8	INTERACTS_WITH
ABCC9	SCN5A	INTERACTS_WITH
ABCG2	ALDH1A1	INTERACTS_WITH
ABCG2	CD44	INTERACTS_WITH
ABCG2	SLC22A8	INTERACTS_WITH
ABCG2	SLC47A1	INTERACTS_WITH
ABCG2	SLC47A2	INTERACTS_WITH
ACKR3	CXCR4	INTERACTS_WITH
ACSBG1	LPL	INTERACTS_WITH
ACTA2	CNN1	INTERACTS_WITH
ACTA2	CNN2	INTERACTS_WITH
ACTA2	COL1A1	INTERACTS_WITH
ACTA2	COL1A2	INTERACTS_WITH
ACTA2	COL3A1	INTERACTS_WITH
ACTA2	LMOD1	INTERACTS_WITH
ACTA2	MYH11	INTERACTS_WITH
ACTA2	MYL9	INTERACTS_WITH
ACTA2	MYLK	INTERACTS_WITH
ACTA2	NOTCH4	INTERACTS_WITH
ACTA2	PDGFRB	INTERACTS_WITH
ACTA2	POSTN	INTERACTS_WITH
ACTA2	TAGLN	INTERACTS_WITH
ACTA2	TPM2	INTERACTS_WITH
ACTA2	VIM	INTERACTS_WITH
ACVRL1	BMPR1B	INTERACTS_WITH
ACVRL1	CDH5	INTERACTS_WITH
ADAM11	LGI4	INTERACTS_WITH
ADAMTS17	FBN2	INTERACTS_WITH
ADAMTS2	CCBE1	INTERACTS_WITH
ADAMTS2	COL1A1	INTERACTS_WITH
ADAMTS2	COL1A2	INTERACTS_WITH
ADAMTS2	COL3A1	INTERACTS_WITH
ADAMTS2	COL5A2	INTERACTS_WITH
ADAMTS3	CCBE1	INTERACTS_WITH
ADAMTS3	COL2A1	INTERACTS_WITH
ADAMTS4	BCAN	INTERACTS_WITH
ADAMTS4	BGN	INTERACTS_WITH
ADAMTS4	COL1A1	INTERACTS_WITH
ADAMTS4	COL1A2	INTERACTS_WITH
ADAMTS4	COL2A1	INTERACTS_WITH
ADAMTS4	SRPX2	INTERACTS_WITH
ADCY5	ADORA2A	INTERACTS_WITH
ADCY5	CAMK2A	INTERACTS_WITH
ADCY5	CNR1	INTERACTS_WITH
ADCY5	ENTPD3	INTERACTS_WITH
ADCY5	GNAL	INTERACTS_WITH
ADCY5	GNG11	INTERACTS_WITH
ADCY5	PDE10A	INTERACTS_WITH
ADCY5	PDE1A	INTERACTS_WITH
ADCY5	PDE1B	INTERACTS_WITH
ADCY5	PDE3A	INTERACTS_WITH
ADCY5	RAPGEF3	INTERACTS_WITH
ADCYAP1	ADORA2A	INTERACTS_WITH
ADCYAP1	CRH	INTERACTS_WITH
ADCYAP1	DRD1	INTERACTS_WITH
ADCYAP1	FSHR	INTERACTS_WITH
ADCYAP1	TAC1	INTERACTS_WITH
ADCYAP1	VIP	INTERACTS_WITH
ADCYAP1	VIPR1	INTERACTS_WITH
ADCYAP1	VIPR2	INTERACTS_WITH
ADGRL4	EMCN	INTERACTS_WITH
ADGRV1	MAG	INTERACTS_WITH
ADGRV1	PCDH15	INTERACTS_WITH
ADORA2A	CNR1	INTERACTS_WITH
ADORA2A	DPP4	INTERACTS_WITH
ADORA2A	DRD2	INTERACTS_WITH
ADORA2A	GNAL	INTERACTS_WITH
ADORA2A	NECAB2	INTERACTS_WITH
ADORA2A	VIP	INTERACTS_WITH
ADRA1A	ADRA1B	INTERACTS_WITH
ADRA1A	ADRA1D	INTERACTS_WITH
ADRA1A	AGT	INTERACTS_WITH
ADRA1A	CXCR4	INTERACTS_WITH
ADRA1B	ADRA1D	INTERACTS_WITH
ADRA1B	AGT	INTERACTS_WITH
ADRA1D	AGT	INTERACTS_WITH
AGT	C3	INTERACTS_WITH
AGT	CCK	INTERACTS_WITH
AGT	CCL2	INTERACTS_WITH
AGT	CXCR4	INTERACTS_WITH
AGT	CYBB	INTERACTS_WITH
AGT	EDN1	INTERACTS_WITH
AGT	EDNRA	INTERACTS_WITH
AGT	EDNRB	INTERACTS_WITH
AGT	GPER1	INTERACTS_WITH
AGT	GRP	INTERACTS_WITH
AGT	LPAR5	INTERACTS_WITH
AGT	MAS1	INTERACTS_WITH
AGT	MME	INTERACTS_WITH
AGT	PDYN	INTERACTS_WITH
AGT	PTGFR	INTERACTS_WITH
AGT	SST	INTERACTS_WITH
AGT	TAC1	INTERACTS_WITH
AHRR	CYP1B1	INTERACTS_WITH
ALDH1A1	ALDH1A2	INTERACTS_WITH
ALDH1A1	CD24	INTERACTS_WITH
ALDH1A1	CD44	INTERACTS_WITH
ALDH1A1	CYP26B1	INTERACTS_WITH
ALDH1A1	RDH12	INTERACTS_WITH
ALDH1A1	SDR16C5	INTERACTS_WITH
ALDH1A2	CYP26B1	INTERACTS_WITH
ALDH1A2	RDH12	INTERACTS_WITH
ALDH1A2	SDR16C5	INTERACTS_WITH
ALDH1L1	GFAP	INTERACTS_WITH
ALDH1L1	SLC1A2	INTERACTS_WITH
ALDH1L1	SLC1A3	INTERACTS_WITH
ALK	MDK	INTERACTS_WITH
ALK	PTPRZ1	INTERACTS_WITH
ALK	SDC1	INTERACTS_WITH
ALOX5	CYP2J2	INTERACTS_WITH
ALOX5	GPX8	INTERACTS_WITH
ALPL	COL1A1	INTERACTS_WITH
ALX4	GLI3	INTERACTS_WITH
ANGPTL4	CDH5	INTERACTS_WITH
ANGPTL4	CLDN5	INTERACTS_WITH
ANGPTL4	LPL	INTERACTS_WITH
ANK1	AQP1	INTERACTS_WITH
ANK1	CD44	INTERACTS_WITH
ANK1	ITGAM	INTERACTS_WITH
ANK1	SCN5A	INTERACTS_WITH
ANK1	TRPC5	INTERACTS_WITH
ANK1	TRPV4	INTERACTS_WITH
ANLN	ASPM	INTERACTS_WITH
ANLN	AURKB	INTERACTS_WITH
ANLN	BIRC5	INTERACTS_WITH
ANLN	BUB1	INTERACTS_WITH
ANLN	CCNB1	INTERACTS_WITH
ANLN	CDC20	INTERACTS_WITH
ANLN	CDK1	INTERACTS_WITH
ANLN	CENPF	INTERACTS_WITH
ANLN	CEP55	INTERACTS_WITH
ANLN	CIT	INTERACTS_WITH
ANLN	CKAP2L	INTERACTS_WITH
ANLN	DLGAP5	INTERACTS_WITH
ANLN	EXO1	INTERACTS_WITH
ANLN	KIF14	INTERACTS_WITH
ANLN	KPNA2	INTERACTS_WITH
ANLN	MELK	INTERACTS_WITH
ANLN	MKI67	INTERACTS_WITH
ANLN	NUSAP1	INTERACTS_WITH
ANLN	PBK	INTERACTS_WITH
ANLN	RRM2	INTERACTS_WITH
ANLN	TOP2A	INTERACTS_WITH
ANLN	TPX2	INTERACTS_WITH
ANLN	TTK	INTERACTS_WITH
ANLN	TYMS	INTERACTS_WITH
ANLN	UBE2C	INTERACTS_WITH
ANO1	CD34	INTERACTS_WITH
ANO1	KIT	INTERACTS_WITH
ANO1	LRRC8A	INTERACTS_WITH
ANO1	PDGFRA	INTERACTS_WITH
ANO3	GNAL	INTERACTS_WITH
APBB1IP	FYB1	INTERACTS_WITH
APOC2	APOD	INTERACTS_WITH
APOC2	LCAT	INTERACTS_WITH
APOC2	LPL	INTERACTS_WITH
APOD	C1QB	INTERACTS_WITH
APOD	LCAT	INTERACTS_WITH
AQP1	AQP9	INTERACTS_WITH
ARHGAP11A	ASPM	INTERACTS_WITH
ARHGAP11A	BUB1	INTERACTS_WITH
ARHGAP11A	CDK1	INTERACTS_WITH
ARHGAP11A	CENPF	INTERACTS_WITH
ARHGAP11A	CEP55	INTERACTS_WITH
ARHGAP11A	DLGAP5	INTERACTS_WITH
ARHGAP11A	KIF14	INTERACTS_WITH
ARHGAP11A	MKI67	INTERACTS_WITH
ARHGAP11A	TOP2A	INTERACTS_WITH
ARHGAP11A	TTK	INTERACTS_WITH
ASPA	FOLH1	INTERACTS_WITH
ASPA	GAD1	INTERACTS_WITH
ASPA	GAD2	INTERACTS_WITH
ASPM	AURKB	INTERACTS_WITH
ASPM	BIRC5	INTERACTS_WITH
ASPM	BUB1	INTERACTS_WITH
ASPM	CCNB1	INTERACTS_WITH
ASPM	CCNB2	INTERACTS_WITH
ASPM	CDC20	INTERACTS_WITH
ASPM	CDC45	INTERACTS_WITH
ASPM	CDCA2	INTERACTS_WITH
ASPM	CDCA5	INTERACTS_WITH
ASPM	CDK1	INTERACTS_WITH
ASPM	CENPF	INTERACTS_WITH
ASPM	CEP55	INTERACTS_WITH
ASPM	CIT	INTERACTS_WITH
ASPM	CKAP2L	INTERACTS_WITH
ASPM	CKS2	INTERACTS_WITH
ASPM	DLGAP5	INTERACTS_WITH
ASPM	DTL	INTERACTS_WITH
ASPM	EXO1	INTERACTS_WITH
ASPM	HJURP	INTERACTS_WITH
ASPM	KIF14	INTERACTS_WITH
ASPM	KIF18B	INTERACTS_WITH
ASPM	KIFC1	INTERACTS_WITH
ASPM	KNL1	INTERACTS_WITH
ASPM	MAD2L1	INTERACTS_WITH
ASPM	MCM10	INTERACTS_WITH
ASPM	MELK	INTERACTS_WITH
ASPM	MKI67	INTERACTS_WITH
ASPM	NCAPG	INTERACTS_WITH
ASPM	NDC80	INTERACTS_WITH
ASPM	NUSAP1	INTERACTS_WITH
ASPM	PBK	INTERACTS_WITH
ASPM	PTTG1	INTERACTS_WITH
ASPM	RRM2	INTERACTS_WITH
ASPM	SGO1	INTERACTS_WITH
ASPM	TOP2A	INTERACTS_WITH
ASPM	TPX2	INTERACTS_WITH
ASPM	TROAP	INTERACTS_WITH
ASPM	TTK	INTERACTS_WITH
ASPM	TYMS	INTERACTS_WITH
ASPM	UBE2C	INTERACTS_WITH
ASPN	COL1A1	INTERACTS_WITH
ASPN	COL1A2	INTERACTS_WITH
ASPN	COL3A1	INTERACTS_WITH
ASPN	MATN3	INTERACTS_WITH
ASPN	OGN	INTERACTS_WITH
ASPN	OMD	INTERACTS_WITH
ASPN	POSTN	INTERACTS_WITH
ATP10A	ATP10B	INTERACTS_WITH
ATP1A2	FXYD1	INTERACTS_WITH
ATP1A2	PLN	INTERACTS_WITH
AURKB	BIRC5	INTERACTS_WITH
AURKB	BUB1	INTERACTS_WITH
AURKB	CCNB1	INTERACTS_WITH
AURKB	CCNB2	INTERACTS_WITH
AURKB	CDC20	INTERACTS_WITH
AURKB	CDC25C	INTERACTS_WITH
AURKB	CDC45	INTERACTS_WITH
AURKB	CDCA2	INTERACTS_WITH
AURKB	CDCA5	INTERACTS_WITH
AURKB	CDK1	INTERACTS_WITH
AURKB	CENPF	INTERACTS_WITH
AURKB	CENPM	INTERACTS_WITH
AURKB	CENPU	INTERACTS_WITH
AURKB	CEP55	INTERACTS_WITH
AURKB	CKAP2L	INTERACTS_WITH
AURKB	CKS2	INTERACTS_WITH
AURKB	DLGAP5	INTERACTS_WITH
AURKB	EXO1	INTERACTS_WITH
AURKB	GTSE1	INTERACTS_WITH
AURKB	H2BC21	INTERACTS_WITH
AURKB	HJURP	INTERACTS_WITH
AURKB	KIF14	INTERACTS_WITH
AURKB	KIF18B	INTERACTS_WITH
AURKB	KIFC1	INTERACTS_WITH
AURKB	KNL1	INTERACTS_WITH
AURKB	MAD2L1	INTERACTS_WITH
AURKB	MCM10	INTERACTS_WITH
AURKB	MCM2	INTERACTS_WITH
AURKB	MCM5	INTERACTS_WITH
AURKB	MELK	INTERACTS_WITH
AURKB	MKI67	INTERACTS_WITH
AURKB	MYBL2	INTERACTS_WITH
AURKB	NCAPG	INTERACTS_WITH
AURKB	NDC80	INTERACTS_WITH
AURKB	NUSAP1	INTERACTS_WITH
AURKB	PBK	INTERACTS_WITH
AURKB	PIMREG	INTERACTS_WITH
AURKB	PTTG1	INTERACTS_WITH
AURKB	RRM2	INTERACTS_WITH
AURKB	SGO1	INTERACTS_WITH
AURKB	TOP2A	INTERACTS_WITH
AURKB	TPX2	INTERACTS_WITH
AURKB	TROAP	INTERACTS_WITH
AURKB	TTK	INTERACTS_WITH
AURKB	TYMS	INTERACTS_WITH
AURKB	UBE2C	INTERACTS_WITH
B3GAT2	HPGDS	INTERACTS_WITH
B4GALNT3	CHST8	INTERACTS_WITH
B4GALNT3	CHST9	INTERACTS_WITH
BBOX1	TRIM36	INTERACTS_WITH
BBOX1	TRIM54	INTERACTS_WITH
BBOX1	TRIM67	INTERACTS_WITH
BCAN	BGN	INTERACTS_WITH
BCAN	CSPG4	INTERACTS_WITH
BCAN	CSPG5	INTERACTS_WITH
BCAN	DCN	INTERACTS_WITH
BCAN	PTPRZ1	INTERACTS_WITH
BCAN	VCAN	INTERACTS_WITH
BCAS1	PLP1	INTERACTS_WITH
BDNF	CNR1	INTERACTS_WITH
BDNF	CRH	INTERACTS_WITH
BDNF	CSF1R	INTERACTS_WITH
BDNF	DRD1	INTERACTS_WITH
BDNF	DRD2	INTERACTS_WITH
BDNF	DRD3	INTERACTS_WITH
BDNF	ERBB3	INTERACTS_WITH
BDNF	ERBB4	INTERACTS_WITH
BDNF	FGF5	INTERACTS_WITH
BDNF	FGFR3	INTERACTS_WITH
BDNF	FLT1	INTERACTS_WITH
BDNF	GAD2	INTERACTS_WITH
BDNF	GFAP	INTERACTS_WITH
BDNF	GFRA1	INTERACTS_WITH
BDNF	GRIA1	INTERACTS_WITH
BDNF	HTR2A	INTERACTS_WITH
BDNF	IGF1	INTERACTS_WITH
BDNF	KIT	INTERACTS_WITH
BDNF	MET	INTERACTS_WITH
BDNF	NES	INTERACTS_WITH
BDNF	NGFR	INTERACTS_WITH
BDNF	NRG1	INTERACTS_WITH
BDNF	NTF3	INTERACTS_WITH
BDNF	PDGFRA	INTERACTS_WITH
BDNF	PDGFRB	INTERACTS_WITH
BDNF	PVALB	INTERACTS_WITH
BDNF	SST	INTERACTS_WITH
BDNF	TAC1	INTERACTS_WITH
BGN	CD44	INTERACTS_WITH
BGN	COL12A1	INTERACTS_WITH
BGN	COL1A1	INTERACTS_WITH
BGN	COL1A2	INTERACTS_WITH
BGN	COL3A1	INTERACTS_WITH
BGN	COL4A1	INTERACTS_WITH
BGN	COL5A2	INTERACTS_WITH
BGN	COL6A3	INTERACTS_WITH
BGN	DCN	INTERACTS_WITH
BGN	FBLN2	INTERACTS_WITH
BGN	FMOD	INTERACTS_WITH
BGN	LUM	INTERACTS_WITH
BGN	MMP2	INTERACTS_WITH
BGN	PCOLCE	INTERACTS_WITH
BGN	POSTN	INTERACTS_WITH
BGN	SDC1	INTERACTS_WITH
BGN	SDC4	INTERACTS_WITH
BGN	SGCG	INTERACTS_WITH
BGN	TGFBI	INTERACTS_WITH
BGN	TLR2	INTERACTS_WITH
BGN	VCAN	INTERACTS_WITH
BHLHE22	PRDM8	INTERACTS_WITH
BIRC5	BUB1	INTERACTS_WITH
BIRC5	CCNB1	INTERACTS_WITH
BIRC5	CCNB2	INTERACTS_WITH
BIRC5	CDC20	INTERACTS_WITH
BIRC5	CDC25C	INTERACTS_WITH
BIRC5	CDC45	INTERACTS_WITH
BIRC5	CDCA5	INTERACTS_WITH
BIRC5	CDK1	INTERACTS_WITH
BIRC5	CENPF	INTERACTS_WITH
BIRC5	CENPM	INTERACTS_WITH
BIRC5	CEP55	INTERACTS_WITH
BIRC5	CKS2	INTERACTS_WITH
BIRC5	DLGAP5	INTERACTS_WITH
BIRC5	EXO1	INTERACTS_WITH
BIRC5	GTSE1	INTERACTS_WITH
BIRC5	HJURP	INTERACTS_WITH
BIRC5	KIF14	INTERACTS_WITH
BIRC5	KIF18B	INTERACTS_WITH
BIRC5	KIFC1	INTERACTS_WITH
BIRC5	KPNA2	INTERACTS_WITH
BIRC5	MAD2L1	INTERACTS_WITH
BIRC5	MELK	INTERACTS_WITH
BIRC5	MKI67	INTERACTS_WITH
BIRC5	MYBL2	INTERACTS_WITH
BIRC5	NCAPG	INTERACTS_WITH
BIRC5	NDC80	INTERACTS_WITH
BIRC5	NEIL3	INTERACTS_WITH
BIRC5	NUSAP1	INTERACTS_WITH
BIRC5	PBK	INTERACTS_WITH
BIRC5	PTTG1	INTERACTS_WITH
BIRC5	RRM2	INTERACTS_WITH
BIRC5	SGO1	INTERACTS_WITH
BIRC5	TOP2A	INTERACTS_WITH
BIRC5	TPX2	INTERACTS_WITH
BIRC5	TROAP	INTERACTS_WITH
BIRC5	TTK	INTERACTS_WITH
BIRC5	TYMS	INTERACTS_WITH
BIRC5	UBE2C	INTERACTS_WITH
BIRC5	UHRF1	INTERACTS_WITH
BLM	CDC45	INTERACTS_WITH
BLM	EXO1	INTERACTS_WITH
BLM	RMI2	INTERACTS_WITH
BLM	TOP2A	INTERACTS_WITH
BMP5	BMPR1B	INTERACTS_WITH
BMP5	FST	INTERACTS_WITH
BMP5	GREM2	INTERACTS_WITH
BTC	ERBB3	INTERACTS_WITH
BTC	ERBB4	INTERACTS_WITH
BTC	NRG1	INTERACTS_WITH
BTC	TGFA	INTERACTS_WITH
BUB1	CCNB1	INTERACTS_WITH
BUB1	CCNB2	INTERACTS_WITH
BUB1	CDC20	INTERACTS_WITH
BUB1	CDC25C	INTERACTS_WITH
BUB1	CDC45	INTERACTS_WITH
BUB1	CDCA2	INTERACTS_WITH
BUB1	CDCA5	INTERACTS_WITH
BUB1	CDK1	INTERACTS_WITH
BUB1	CENPF	INTERACTS_WITH
BUB1	CENPH	INTERACTS_WITH
BUB1	CENPM	INTERACTS_WITH
BUB1	CENPU	INTERACTS_WITH
BUB1	CEP55	INTERACTS_WITH
BUB1	CKAP2L	INTERACTS_WITH
BUB1	CKS1B	INTERACTS_WITH
BUB1	CKS2	INTERACTS_WITH
BUB1	DLGAP5	INTERACTS_WITH
BUB1	DTL	INTERACTS_WITH
BUB1	ESCO2	INTERACTS_WITH
BUB1	EXO1	INTERACTS_WITH
BUB1	HJURP	INTERACTS_WITH
BUB1	KIF14	INTERACTS_WITH
BUB1	KIF18B	INTERACTS_WITH
BUB1	KIFC1	INTERACTS_WITH
BUB1	KNL1	INTERACTS_WITH
BUB1	MAD2L1	INTERACTS_WITH
BUB1	MCM5	INTERACTS_WITH
BUB1	MELK	INTERACTS_WITH
BUB1	MKI67	INTERACTS_WITH
BUB1	MYBL2	INTERACTS_WITH
BUB1	NCAPG	INTERACTS_WITH
BUB1	NDC80	INTERACTS_WITH
BUB1	NUSAP1	INTERACTS_WITH
BUB1	PBK	INTERACTS_WITH
BUB1	PIMREG	INTERACTS_WITH
BUB1	PTTG1	INTERACTS_WITH
BUB1	RRM2	INTERACTS_WITH
BUB1	SGO1	INTERACTS_WITH
BUB1	TOP2A	INTERACTS_WITH
BUB1	TPX2	INTERACTS_WITH
BUB1	TROAP	INTERACTS_WITH
BUB1	TTK	INTERACTS_WITH
BUB1	TYMS	INTERACTS_WITH
BUB1	UBE2C	INTERACTS_WITH
C1QA	C1QB	INTERACTS_WITH
C1QA	C1QC	INTERACTS_WITH
C1QA	C1R	INTERACTS_WITH
C1QA	CSF1R	INTERACTS_WITH
C1QA	ITGAM	INTERACTS_WITH
C1QA	LAPTM5	INTERACTS_WITH
C1QA	P2RY12	INTERACTS_WITH
C1QA	TYROBP	INTERACTS_WITH
C1QB	C1QC	INTERACTS_WITH
C1QB	C1R	INTERACTS_WITH
C1QB	CSF1R	INTERACTS_WITH
C1QB	PTX3	INTERACTS_WITH
C1QB	TYROBP	INTERACTS_WITH
C1QC	C1R	INTERACTS_WITH
C1QC	CSF1R	INTERACTS_WITH
C1QC	TYROBP	INTERACTS_WITH
C1R	C3	INTERACTS_WITH
C3	C5AR2	INTERACTS_WITH
C3	CCL2	INTERACTS_WITH
C3	F12	INTERACTS_WITH
C3	F3	INTERACTS_WITH
C3	ITGAM	INTERACTS_WITH
C3	ITGAX	INTERACTS_WITH
C3	PTX3	INTERACTS_WITH
C3	TTR	INTERACTS_WITH
C7	CD34	INTERACTS_WITH
CA1	CA3	INTERACTS_WITH
CA1	STAT4	INTERACTS_WITH
CA3	CA4	INTERACTS_WITH
CA3	SLC2A5	INTERACTS_WITH
CA4	PKD2L1	INTERACTS_WITH
CA4	PRSS12	INTERACTS_WITH
CA4	SLC4A4	INTERACTS_WITH
CACNA2D2	CAMK2A	INTERACTS_WITH
CACNG5	GRIA1	INTERACTS_WITH
CACNG5	GRIN2C	INTERACTS_WITH
CACNG5	GRIN2D	INTERACTS_WITH
CACNG5	GRIN3A	INTERACTS_WITH
CALB1	GAD1	INTERACTS_WITH
CALB1	GAD2	INTERACTS_WITH
CALB1	GFAP	INTERACTS_WITH
CALB1	PVALB	INTERACTS_WITH
CALB1	S100A6	INTERACTS_WITH
CALB1	SLC17A6	INTERACTS_WITH
CALB1	SLC17A7	INTERACTS_WITH
CALB1	SST	INTERACTS_WITH
CALB2	DLX1	INTERACTS_WITH
CALB2	GAD1	INTERACTS_WITH
CALB2	GAD2	INTERACTS_WITH
CALB2	GFAP	INTERACTS_WITH
CALB2	LHX6	INTERACTS_WITH
CALB2	PVALB	INTERACTS_WITH
CALB2	SLC17A6	INTERACTS_WITH
CALB2	SST	INTERACTS_WITH
CALB2	TBR1	INTERACTS_WITH
CALB2	VIP	INTERACTS_WITH
CAMK2A	CDC25C	INTERACTS_WITH
CAMK2A	CYBB	INTERACTS_WITH
CAMK2A	EGR1	INTERACTS_WITH
CAMK2A	FLNA	INTERACTS_WITH
CAMK2A	GRIA1	INTERACTS_WITH
CAMK2A	GRIN2C	INTERACTS_WITH
CAMK2A	GRM1	INTERACTS_WITH
CAMK2A	NOS1	INTERACTS_WITH
CAMK2A	PDE10A	INTERACTS_WITH
CAMK2A	PVALB	INTERACTS_WITH
CAMK2A	SCN4B	INTERACTS_WITH
CAMK2A	SCN5A	INTERACTS_WITH
CAPN3	MYPN	INTERACTS_WITH
CAPN3	RYR1	INTERACTS_WITH
CAPN3	SGCG	INTERACTS_WITH
CARMIL2	TTK	INTERACTS_WITH
CARNS1	CNDP1	INTERACTS_WITH
CARNS1	GAD1	INTERACTS_WITH
CARNS1	GAD2	INTERACTS_WITH
CASQ2	PLN	INTERACTS_WITH
CASQ2	RYR1	INTERACTS_WITH
CASQ2	SCN5A	INTERACTS_WITH
CASQ2	TRDN	INTERACTS_WITH
CASR	FLNA	INTERACTS_WITH
CASR	GRM1	INTERACTS_WITH
CASR	PTHLH	INTERACTS_WITH
CATSPERB	CATSPERD	INTERACTS_WITH
CATSPERB	RYR1	INTERACTS_WITH
CATSPERD	RYR1	INTERACTS_WITH
CAV1	CAV2	INTERACTS_WITH
CAV1	CAVIN1	INTERACTS_WITH
CAV1	CAVIN3	INTERACTS_WITH
CAV1	CD36	INTERACTS_WITH
CAV1	CDH5	INTERACTS_WITH
CAV1	CLDN5	INTERACTS_WITH
CAV1	CXCR4	INTERACTS_WITH
CAV1	DLC1	INTERACTS_WITH
CAV1	DPP4	INTERACTS_WITH
CAV1	EHD2	INTERACTS_WITH
CAV1	FLNA	INTERACTS_WITH
CAV1	GJA1	INTERACTS_WITH
CAV1	IGF1	INTERACTS_WITH
CAV1	ITGB4	INTERACTS_WITH
CAV1	NOSTRIN	INTERACTS_WITH
CAV1	RND3	INTERACTS_WITH
CAV1	SCN5A	INTERACTS_WITH
CAV1	TRPV4	INTERACTS_WITH
CAV2	CAVIN1	INTERACTS_WITH
CAV2	ITGB4	INTERACTS_WITH
CAVIN1	CAVIN3	INTERACTS_WITH
CAVIN1	EHD2	INTERACTS_WITH
CBLN2	GRID2	INTERACTS_WITH
CCK	CCKBR	INTERACTS_WITH
CCK	CRH	INTERACTS_WITH
CCK	GRP	INTERACTS_WITH
CCK	OPRM1	INTERACTS_WITH
CCK	PDYN	INTERACTS_WITH
CCK	PVALB	INTERACTS_WITH
CCK	SST	INTERACTS_WITH
CCK	TAC1	INTERACTS_WITH
CCK	TAC3	INTERACTS_WITH
CCK	VIP	INTERACTS_WITH
CCKBR	GRP	INTERACTS_WITH
CCL2	CD44	INTERACTS_WITH
CCL2	CD86	INTERACTS_WITH
CCL2	CSF1	INTERACTS_WITH
CCL2	CSF1R	INTERACTS_WITH
CCL2	CX3CR1	INTERACTS_WITH
CCL2	CXCR4	INTERACTS_WITH
CCL2	DPP4	INTERACTS_WITH
CCL2	EDN1	INTERACTS_WITH
CCL2	FLT1	INTERACTS_WITH
CCL2	IGF1	INTERACTS_WITH
CCL2	IL15	INTERACTS_WITH
CCL2	IL33	INTERACTS_WITH
CCL2	ITGAM	INTERACTS_WITH
CCL2	ITGAX	INTERACTS_WITH
CCL2	MMP2	INTERACTS_WITH
CCL2	SOCS3	INTERACTS_WITH
CCL2	TLR2	INTERACTS_WITH
CCN3	VWF	INTERACTS_WITH
CCNB1	CCNB2	INTERACTS_WITH
CCNB1	CDC20	INTERACTS_WITH
CCNB1	CDC25C	INTERACTS_WITH
CCNB1	CDC45	INTERACTS_WITH
CCNB1	CDCA2	INTERACTS_WITH
CCNB1	CDCA5	INTERACTS_WITH
CCNB1	CDK1	INTERACTS_WITH
CCNB1	CENPF	INTERACTS_WITH
CCNB1	CENPH	INTERACTS_WITH
CCNB1	CENPM	INTERACTS_WITH
CCNB1	CENPU	INTERACTS_WITH
CCNB1	CEP55	INTERACTS_WITH
CCNB1	CKS1B	INTERACTS_WITH
CCNB1	CKS2	INTERACTS_WITH
CCNB1	DLGAP5	INTERACTS_WITH
CCNB1	EXO1	INTERACTS_WITH
CCNB1	GADD45G	INTERACTS_WITH
CCNB1	GTSE1	INTERACTS_WITH
CCNB1	H1-1	INTERACTS_WITH
CCNB1	HJURP	INTERACTS_WITH
CCNB1	KIF14	INTERACTS_WITH
CCNB1	KIFC1	INTERACTS_WITH
CCNB1	KNL1	INTERACTS_WITH
CCNB1	KPNA2	INTERACTS_WITH
CCNB1	MAD2L1	INTERACTS_WITH
CCNB1	MCM10	INTERACTS_WITH
CCNB1	MELK	INTERACTS_WITH
CCNB1	MKI67	INTERACTS_WITH
CCNB1	MYBL2	INTERACTS_WITH
CCNB1	NCAPG	INTERACTS_WITH
CCNB1	NDC80	INTERACTS_WITH
CCNB1	NUSAP1	INTERACTS_WITH
CCNB1	PBK	INTERACTS_WITH
CCNB1	PTTG1	INTERACTS_WITH
CCNB1	RGCC	INTERACTS_WITH
CCNB1	RRM2	INTERACTS_WITH
CCNB1	SGO1	INTERACTS_WITH
CCNB1	TOP2A	INTERACTS_WITH
CCNB1	TPX2	INTERACTS_WITH
CCNB1	TTK	INTERACTS_WITH
CCNB1	TYMS	INTERACTS_WITH
CCNB1	UBE2C	INTERACTS_WITH
CCNB2	CDC20	INTERACTS_WITH
CCNB2	CDC25C	INTERACTS_WITH
CCNB2	CDC45	INTERACTS_WITH
CCNB2	CDCA2	INTERACTS_WITH
CCNB2	CDCA5	INTERACTS_WITH
CCNB2	CDK1	INTERACTS_WITH
CCNB2	CENPF	INTERACTS_WITH
CCNB2	CENPH	INTERACTS_WITH
CCNB2	CENPM	INTERACTS_WITH
CCNB2	CENPU	INTERACTS_WITH
CCNB2	CEP55	INTERACTS_WITH
CCNB2	CKAP2L	INTERACTS_WITH
CCNB2	CKS1B	INTERACTS_WITH
CCNB2	CKS2	INTERACTS_WITH
CCNB2	DLGAP5	INTERACTS_WITH
CCNB2	EXO1	INTERACTS_WITH
CCNB2	GADD45G	INTERACTS_WITH
CCNB2	GINS2	INTERACTS_WITH
CCNB2	GTSE1	INTERACTS_WITH
CCNB2	HJURP	INTERACTS_WITH
CCNB2	KIFC1	INTERACTS_WITH
CCNB2	KNL1	INTERACTS_WITH
CCNB2	KPNA2	INTERACTS_WITH
CCNB2	MAD2L1	INTERACTS_WITH
CCNB2	MCM2	INTERACTS_WITH
CCNB2	MCM5	INTERACTS_WITH
CCNB2	MELK	INTERACTS_WITH
CCNB2	MKI67	INTERACTS_WITH
CCNB2	MYBL2	INTERACTS_WITH
CCNB2	NCAPG	INTERACTS_WITH
CCNB2	NDC80	INTERACTS_WITH
CCNB2	NUSAP1	INTERACTS_WITH
CCNB2	PBK	INTERACTS_WITH
CCNB2	PIMREG	INTERACTS_WITH
CCNB2	PTTG1	INTERACTS_WITH
CCNB2	RRM2	INTERACTS_WITH
CCNB2	SGO1	INTERACTS_WITH
CCNB2	TOP2A	INTERACTS_WITH
CCNB2	TPX2	INTERACTS_WITH
CCNB2	TTK	INTERACTS_WITH
CCNB2	TYMS	INTERACTS_WITH
CCNB2	UBE2C	INTERACTS_WITH
CD22	CD38	INTERACTS_WITH
CD22	GALR1	INTERACTS_WITH
CD22	ITGAM	INTERACTS_WITH
CD22	ITGAX	INTERACTS_WITH
CD22	MME	INTERACTS_WITH
CD22	SYK	INTERACTS_WITH
CD24	CD38	INTERACTS_WITH
CD24	CD44	INTERACTS_WITH
CD24	PECAM1	INTERACTS_WITH
CD34	CD36	INTERACTS_WITH
CD34	CD38	INTERACTS_WITH
CD34	CD44	INTERACTS_WITH
CD34	CDH5	INTERACTS_WITH
CD34	CSF1R	INTERACTS_WITH
CD34	CXCR4	INTERACTS_WITH
CD34	EMCN	INTERACTS_WITH
CD34	FLT1	INTERACTS_WITH
CD34	FLT3	INTERACTS_WITH
CD34	GFAP	INTERACTS_WITH
CD34	ITGAM	INTERACTS_WITH
CD34	ITGAX	INTERACTS_WITH
CD34	KIT	INTERACTS_WITH
CD34	MCAM	INTERACTS_WITH
CD34	MME	INTERACTS_WITH
CD34	NES	INTERACTS_WITH
CD34	PDGFRA	INTERACTS_WITH
CD34	PDGFRB	INTERACTS_WITH
CD34	PECAM1	INTERACTS_WITH
CD34	SELPLG	INTERACTS_WITH
CD34	VWF	INTERACTS_WITH
CD36	CD44	INTERACTS_WITH
CD36	CLEC7A	INTERACTS_WITH
CD36	COL1A1	INTERACTS_WITH
CD36	COL1A2	INTERACTS_WITH
CD36	ITGAM	INTERACTS_WITH
CD36	LPL	INTERACTS_WITH
CD36	OLR1	INTERACTS_WITH
CD36	PECAM1	INTERACTS_WITH
CD36	TLR2	INTERACTS_WITH
CD36	VWF	INTERACTS_WITH
CD38	CD44	INTERACTS_WITH
CD38	CD86	INTERACTS_WITH
CD38	CXCR4	INTERACTS_WITH
CD38	ITGA4	INTERACTS_WITH
CD38	ITGAM	INTERACTS_WITH
CD38	KIT	INTERACTS_WITH
CD38	MME	INTERACTS_WITH
CD38	PECAM1	INTERACTS_WITH
CD38	RYR1	INTERACTS_WITH
CD38	SDC1	INTERACTS_WITH
CD38	SIRT2	INTERACTS_WITH
CD44	CD86	INTERACTS_WITH
CD44	COL1A1	INTERACTS_WITH
CD44	COL1A2	INTERACTS_WITH
CD44	COL2A1	INTERACTS_WITH
CD44	COL4A1	INTERACTS_WITH
CD44	COL4A4	INTERACTS_WITH
CD44	COL6A3	INTERACTS_WITH
CD44	COL9A1	INTERACTS_WITH
CD44	CXCR4	INTERACTS_WITH
CD44	ERBB4	INTERACTS_WITH
CD44	FGF5	INTERACTS_WITH
CD44	ICAM2	INTERACTS_WITH
CD44	IGF1	INTERACTS_WITH
CD44	IL15	INTERACTS_WITH
CD44	ITGA2	INTERACTS_WITH
CD44	ITGA4	INTERACTS_WITH
CD44	ITGAM	INTERACTS_WITH
CD44	ITGAX	INTERACTS_WITH
CD44	KIT	INTERACTS_WITH
CD44	LAMC3	INTERACTS_WITH
CD44	LPL	INTERACTS_WITH
CD44	MCAM	INTERACTS_WITH
CD44	MET	INTERACTS_WITH
CD44	MMP2	INTERACTS_WITH
CD44	NES	INTERACTS_WITH
CD44	PDGFRB	INTERACTS_WITH
CD44	PECAM1	INTERACTS_WITH
CD44	SDC1	INTERACTS_WITH
CD44	SELPLG	INTERACTS_WITH
CD44	SLC7A11	INTERACTS_WITH
CD44	TLR2	INTERACTS_WITH
CD44	TWIST1	INTERACTS_WITH
CD44	VCAN	INTERACTS_WITH
CD44	VIM	INTERACTS_WITH
CD53	CD82	INTERACTS_WITH
CD53	LAPTM5	INTERACTS_WITH
CD53	NCKAP1L	INTERACTS_WITH
CD53	TYROBP	INTERACTS_WITH
CD82	VANGL1	INTERACTS_WITH
CD86	CSF1	INTERACTS_WITH
CD86	CSF1R	INTERACTS_WITH
CD86	CXCR4	INTERACTS_WITH
CD86	HLA-DRA	INTERACTS_WITH
CD86	IRF8	INTERACTS_WITH
CD86	ITGAM	INTERACTS_WITH
CD86	ITGAX	INTERACTS_WITH
CD86	LILRB4	INTERACTS_WITH
CD86	LY86	INTERACTS_WITH
CD86	TLR2	INTERACTS_WITH
CDC20	CDC25C	INTERACTS_WITH
CDC20	CDC45	INTERACTS_WITH
CDC20	CDCA2	INTERACTS_WITH
CDC20	CDCA5	INTERACTS_WITH
CDC20	CDK1	INTERACTS_WITH
CDC20	CENPF	INTERACTS_WITH
CDC20	CENPH	INTERACTS_WITH
CDC20	CENPM	INTERACTS_WITH
CDC20	CENPU	INTERACTS_WITH
CDC20	CEP55	INTERACTS_WITH
CDC20	CKS1B	INTERACTS_WITH
CDC20	CKS2	INTERACTS_WITH
CDC20	DLGAP5	INTERACTS_WITH
CDC20	EXO1	INTERACTS_WITH
CDC20	GTSE1	INTERACTS_WITH
CDC20	HJURP	INTERACTS_WITH
CDC20	KIF18B	INTERACTS_WITH
CDC20	KIFC1	INTERACTS_WITH
CDC20	KNL1	INTERACTS_WITH
CDC20	KPNA2	INTERACTS_WITH
CDC20	MAD2L1	INTERACTS_WITH
CDC20	MCM2	INTERACTS_WITH
CDC20	MCM5	INTERACTS_WITH
CDC20	MELK	INTERACTS_WITH
CDC20	MKI67	INTERACTS_WITH
CDC20	MYBL2	INTERACTS_WITH
CDC20	NCAPG	INTERACTS_WITH
CDC20	NDC80	INTERACTS_WITH
CDC20	NEUROD2	INTERACTS_WITH
CDC20	NUSAP1	INTERACTS_WITH
CDC20	PBK	INTERACTS_WITH
CDC20	PIMREG	INTERACTS_WITH
CDC20	PTTG1	INTERACTS_WITH
CDC20	RRM2	INTERACTS_WITH
CDC20	SGO1	INTERACTS_WITH
CDC20	SIRT2	INTERACTS_WITH
CDC20	TOP2A	INTERACTS_WITH
CDC20	TPX2	INTERACTS_WITH
CDC20	TROAP	INTERACTS_WITH
CDC20	TTK	INTERACTS_WITH
CDC20	TYMS	INTERACTS_WITH
CDC20	UBE2C	INTERACTS_WITH
CDC20	USP44	INTERACTS_WITH
CDC25C	CDC45	INTERACTS_WITH
CDC25C	CDCA2	INTERACTS_WITH
CDC25C	CDCA5	INTERACTS_WITH
CDC25C	CDK1	INTERACTS_WITH
CDC25C	DLGAP5	INTERACTS_WITH
CDC25C	GTSE1	INTERACTS_WITH
CDC25C	HJURP	INTERACTS_WITH
CDC25C	KIF14	INTERACTS_WITH
CDC25C	MELK	INTERACTS_WITH
CDC25C	PTTG1	INTERACTS_WITH
CDC25C	TOP2A	INTERACTS_WITH
CDC25C	TTK	INTERACTS_WITH
CDC25C	UBE2C	INTERACTS_WITH
CDC45	CDCA5	INTERACTS_WITH
CDC45	CDK1	INTERACTS_WITH
CDC45	CENPF	INTERACTS_WITH
CDC45	CENPM	INTERACTS_WITH
CDC45	CEP55	INTERACTS_WITH
CDC45	CKAP2L	INTERACTS_WITH
CDC45	DLGAP5	INTERACTS_WITH
CDC45	DTL	INTERACTS_WITH
CDC45	ESCO2	INTERACTS_WITH
CDC45	EXO1	INTERACTS_WITH
CDC45	GINS2	INTERACTS_WITH
CDC45	GINS3	INTERACTS_WITH
CDC45	HJURP	INTERACTS_WITH
CDC45	KIFC1	INTERACTS_WITH
CDC45	MAD2L1	INTERACTS_WITH
CDC45	MCM10	INTERACTS_WITH
CDC45	MCM2	INTERACTS_WITH
CDC45	MCM5	INTERACTS_WITH
CDC45	MELK	INTERACTS_WITH
CDC45	MKI67	INTERACTS_WITH
CDC45	NCAPG	INTERACTS_WITH
CDC45	NUSAP1	INTERACTS_WITH
CDC45	PBK	INTERACTS_WITH
CDC45	PTTG1	INTERACTS_WITH
CDC45	RRM2	INTERACTS_WITH
CDC45	TOP2A	INTERACTS_WITH
CDC45	TPX2	INTERACTS_WITH
CDC45	TTK	INTERACTS_WITH
CDC45	TYMS	INTERACTS_WITH
CDC45	UBE2C	INTERACTS_WITH
CDCA2	CDCA5	INTERACTS_WITH
CDCA2	CDK1	INTERACTS_WITH
CDCA2	CENPF	INTERACTS_WITH
CDCA2	CEP55	INTERACTS_WITH
CDCA2	CKAP2L	INTERACTS_WITH
CDCA2	DLGAP5	INTERACTS_WITH
CDCA2	GTSE1	INTERACTS_WITH
CDCA2	HJURP	INTERACTS_WITH
CDCA2	KIF14	INTERACTS_WITH
CDCA2	KNL1	INTERACTS_WITH
CDCA2	KPNA2	INTERACTS_WITH
CDCA2	NCAPG	INTERACTS_WITH
CDCA2	PBK	INTERACTS_WITH
CDCA2	SGO1	INTERACTS_WITH
CDCA2	TOP2A	INTERACTS_WITH
CDCA2	TPX2	INTERACTS_WITH
CDCA2	TROAP	INTERACTS_WITH
CDCA2	TTK	INTERACTS_WITH
CDCA5	CDK1	INTERACTS_WITH
CDCA5	CENPF	INTERACTS_WITH
CDCA5	CENPM	INTERACTS_WITH
CDCA5	CENPU	INTERACTS_WITH
CDCA5	CEP55	INTERACTS_WITH
CDCA5	CKAP2L	INTERACTS_WITH
CDCA5	DLGAP5	INTERACTS_WITH
CDCA5	ESCO2	INTERACTS_WITH
CDCA5	HJURP	INTERACTS_WITH
CDCA5	KIF14	INTERACTS_WITH
CDCA5	KIFC1	INTERACTS_WITH
CDCA5	KNL1	INTERACTS_WITH
CDCA5	MCM10	INTERACTS_WITH
CDCA5	MELK	INTERACTS_WITH
CDCA5	NCAPG	INTERACTS_WITH
CDCA5	NUSAP1	INTERACTS_WITH
CDCA5	PBK	INTERACTS_WITH
CDCA5	PTTG1	INTERACTS_WITH
CDCA5	SGO1	INTERACTS_WITH
CDCA5	TOP2A	INTERACTS_WITH
CDCA5	TPX2	INTERACTS_WITH
CDCA5	TTK	INTERACTS_WITH
CDCA5	TYMS	INTERACTS_WITH
CDCA5	UBE2C	INTERACTS_WITH
CDCA5	UHRF1	INTERACTS_WITH
CDH19	CDH9	INTERACTS_WITH
CDH5	CLDN5	INTERACTS_WITH
CDH5	EMCN	INTERACTS_WITH
CDH5	FLT1	INTERACTS_WITH
CDH5	KIT	INTERACTS_WITH
CDH5	MCAM	INTERACTS_WITH
CDH5	PECAM1	INTERACTS_WITH
CDH5	ROBO4	INTERACTS_WITH
CDH5	TAGLN	INTERACTS_WITH
CDH5	TIE1	INTERACTS_WITH
CDH5	VWF	INTERACTS_WITH
CDH7	CDH9	INTERACTS_WITH
CDK1	CENPF	INTERACTS_WITH
CDK1	CENPH	INTERACTS_WITH
CDK1	CENPM	INTERACTS_WITH
CDK1	CENPU	INTERACTS_WITH
CDK1	CEP55	INTERACTS_WITH
CDK1	CKAP2L	INTERACTS_WITH
CDK1	CKS1B	INTERACTS_WITH
CDK1	CKS2	INTERACTS_WITH
CDK1	DLGAP5	INTERACTS_WITH
CDK1	DTL	INTERACTS_WITH
CDK1	ESCO2	INTERACTS_WITH
CDK1	EXO1	INTERACTS_WITH
CDK1	GADD45G	INTERACTS_WITH
CDK1	GJA1	INTERACTS_WITH
CDK1	GTSE1	INTERACTS_WITH
CDK1	H1-1	INTERACTS_WITH
CDK1	H2BC21	INTERACTS_WITH
CDK1	HJURP	INTERACTS_WITH
CDK1	KIF14	INTERACTS_WITH
CDK1	KIFC1	INTERACTS_WITH
CDK1	KNL1	INTERACTS_WITH
CDK1	KPNA2	INTERACTS_WITH
CDK1	MAD2L1	INTERACTS_WITH
CDK1	MCM10	INTERACTS_WITH
CDK1	MCM2	INTERACTS_WITH
CDK1	MCM5	INTERACTS_WITH
CDK1	MELK	INTERACTS_WITH
CDK1	MKI67	INTERACTS_WITH
CDK1	MYBL2	INTERACTS_WITH
CDK1	NCAPG	INTERACTS_WITH
CDK1	NDC80	INTERACTS_WITH
CDK1	NUSAP1	INTERACTS_WITH
CDK1	PBK	INTERACTS_WITH
CDK1	PIMREG	INTERACTS_WITH
CDK1	PTTG1	INTERACTS_WITH
CDK1	RRM2	INTERACTS_WITH
CDK1	SGO1	INTERACTS_WITH
CDK1	TOP2A	INTERACTS_WITH
CDK1	TPX2	INTERACTS_WITH
CDK1	TTK	INTERACTS_WITH
CDK1	TYMS	INTERACTS_WITH
CDK1	TYRP1	INTERACTS_WITH
CDK1	UBE2C	INTERACTS_WITH
CENPF	CENPH	INTERACTS_WITH
CENPF	CENPM	INTERACTS_WITH
CENPF	CENPU	INTERACTS_WITH
CENPF	CEP55	INTERACTS_WITH
CENPF	CKAP2L	INTERACTS_WITH
CENPF	DLGAP5	INTERACTS_WITH
CENPF	DTL	INTERACTS_WITH
CENPF	EXO1	INTERACTS_WITH
CENPF	GTSE1	INTERACTS_WITH
CENPF	HJURP	INTERACTS_WITH
CENPF	KIF14	INTERACTS_WITH
CENPF	KIFC1	INTERACTS_WITH
CENPF	KNL1	INTERACTS_WITH
CENPF	MAD2L1	INTERACTS_WITH
CENPF	MELK	INTERACTS_WITH
CENPF	MKI67	INTERACTS_WITH
CENPF	NCAPG	INTERACTS_WITH
CENPF	NDC80	INTERACTS_WITH
CENPF	NUSAP1	INTERACTS_WITH
CENPF	PBK	INTERACTS_WITH
CENPF	PTTG1	INTERACTS_WITH
CENPF	RRM2	INTERACTS_WITH
CENPF	SGO1	INTERACTS_WITH
CENPF	TOP2A	INTERACTS_WITH
CENPF	TPX2	INTERACTS_WITH
CENPF	TROAP	INTERACTS_WITH
CENPF	TTK	INTERACTS_WITH
CENPF	UBE2C	INTERACTS_WITH
CENPH	CENPM	INTERACTS_WITH
CENPH	CENPU	INTERACTS_WITH
CENPH	EXO1	INTERACTS_WITH
CENPH	HJURP	INTERACTS_WITH
CENPH	KNL1	INTERACTS_WITH
CENPH	MAD2L1	INTERACTS_WITH
CENPH	NDC80	INTERACTS_WITH
CENPH	TRIM36	INTERACTS_WITH
CENPM	CENPU	INTERACTS_WITH
CENPM	CEP55	INTERACTS_WITH
CENPM	DLGAP5	INTERACTS_WITH
CENPM	GINS2	INTERACTS_WITH
CENPM	HJURP	INTERACTS_WITH
CENPM	KNL1	INTERACTS_WITH
CENPM	MAD2L1	INTERACTS_WITH
CENPM	NUSAP1	INTERACTS_WITH
CENPM	PBK	INTERACTS_WITH
CENPM	RRM2	INTERACTS_WITH
CENPU	DLGAP5	INTERACTS_WITH
CENPU	HJURP	INTERACTS_WITH
CENPU	KNL1	INTERACTS_WITH
CENPU	MAD2L1	INTERACTS_WITH
CENPU	NCAPG	INTERACTS_WITH
CENPU	NDC80	INTERACTS_WITH
CENPU	PBK	INTERACTS_WITH
CEP55	CKAP2L	INTERACTS_WITH
CEP55	DLGAP5	INTERACTS_WITH
CEP55	DTL	INTERACTS_WITH
CEP55	HJURP	INTERACTS_WITH
CEP55	KIF14	INTERACTS_WITH
CEP55	KIF18B	INTERACTS_WITH
CEP55	MAD2L1	INTERACTS_WITH
CEP55	MCM10	INTERACTS_WITH
CEP55	MELK	INTERACTS_WITH
CEP55	MKI67	INTERACTS_WITH
CEP55	NCAPG	INTERACTS_WITH
CEP55	NDC80	INTERACTS_WITH
CEP55	NUSAP1	INTERACTS_WITH
CEP55	PBK	INTERACTS_WITH
CEP55	PTTG1	INTERACTS_WITH
CEP55	RRM2	INTERACTS_WITH
CEP55	SGO1	INTERACTS_WITH
CEP55	TOP2A	INTERACTS_WITH
CEP55	TPX2	INTERACTS_WITH
CEP55	TTK	INTERACTS_WITH
CEP55	TYMS	INTERACTS_WITH
CEP55	UBE2C	INTERACTS_WITH
CEP55	UHRF1	INTERACTS_WITH
CFAP45	CFAP52	INTERACTS_WITH
CFAP45	TEKT1	INTERACTS_WITH
CFAP45	TUBA1A	INTERACTS_WITH
CFAP47	TTC29	INTERACTS_WITH
CFAP52	TEKT1	INTERACTS_WITH
CFAP52	TUBA1A	INTERACTS_WITH
CHRM2	GNG11	INTERACTS_WITH
CHRM2	LPAR5	INTERACTS_WITH
CHRM2	SST	INTERACTS_WITH
CHRNA1	CHRNA2	INTERACTS_WITH
CHRNA1	CHRNA3	INTERACTS_WITH
CHRNA2	CHRNA3	INTERACTS_WITH
CHRNA2	CHRNA7	INTERACTS_WITH
CHRNA2	PNOC	INTERACTS_WITH
CHRNA3	CHRNA7	INTERACTS_WITH
CHST8	CHST9	INTERACTS_WITH
CIT	KIF14	INTERACTS_WITH
CKAP2L	DLGAP5	INTERACTS_WITH
CKAP2L	GTSE1	INTERACTS_WITH
CKAP2L	HJURP	INTERACTS_WITH
CKAP2L	KIF14	INTERACTS_WITH
CKAP2L	KIFC1	INTERACTS_WITH
CKAP2L	MELK	INTERACTS_WITH
CKAP2L	NCAPG	INTERACTS_WITH
CKAP2L	NUSAP1	INTERACTS_WITH
CKAP2L	PBK	INTERACTS_WITH
CKAP2L	SGO1	INTERACTS_WITH
CKAP2L	TOP2A	INTERACTS_WITH
CKAP2L	TPX2	INTERACTS_WITH
CKS1B	CKS2	INTERACTS_WITH
CKS1B	MAD2L1	INTERACTS_WITH
CKS1B	PTTG1	INTERACTS_WITH
CKS1B	UBE2C	INTERACTS_WITH
CKS2	DLGAP5	INTERACTS_WITH
CKS2	KPNA2	INTERACTS_WITH
CKS2	MAD2L1	INTERACTS_WITH
CKS2	MELK	INTERACTS_WITH
CKS2	NUSAP1	INTERACTS_WITH
CKS2	PTTG1	INTERACTS_WITH
CKS2	TOP2A	INTERACTS_WITH
CKS2	UBE2C	INTERACTS_WITH
CLDN10	CLDN2	INTERACTS_WITH
CLDN10	CLDN5	INTERACTS_WITH
CLDN2	CLDN5	INTERACTS_WITH
CLDN2	TJP2	INTERACTS_WITH
CLDN5	GJA1	INTERACTS_WITH
CLDN5	PECAM1	INTERACTS_WITH
CLDN5	ROBO4	INTERACTS_WITH
CLDN5	SOX18	INTERACTS_WITH
CLDN5	TJP2	INTERACTS_WITH
CLDN5	VWF	INTERACTS_WITH
CLEC14A	MMRN2	INTERACTS_WITH
CLEC7A	ITGAX	INTERACTS_WITH
CLEC7A	SYK	INTERACTS_WITH
CLEC7A	TGFBR3	INTERACTS_WITH
CLEC7A	TLR2	INTERACTS_WITH
CLEC7A	TYROBP	INTERACTS_WITH
CLMP	TFPI	INTERACTS_WITH
CNDP1	GAD1	INTERACTS_WITH
CNDP1	GAD2	INTERACTS_WITH
CNGB1	EYS	INTERACTS_WITH
CNGB1	GUCA1C	INTERACTS_WITH
CNGB1	RDH12	INTERACTS_WITH
CNGB1	ROM1	INTERACTS_WITH
CNN1	LMOD1	INTERACTS_WITH
CNN1	MYH11	INTERACTS_WITH
CNN1	MYL9	INTERACTS_WITH
CNN1	MYLK	INTERACTS_WITH
CNN1	MYOCD	INTERACTS_WITH
CNN1	SMTN	INTERACTS_WITH
CNN1	TAGLN	INTERACTS_WITH
CNN2	STAT4	INTERACTS_WITH
CNP	GFAP	INTERACTS_WITH
CNP	MAG	INTERACTS_WITH
CNP	MBP	INTERACTS_WITH
CNP	MOBP	INTERACTS_WITH
CNP	MOG	INTERACTS_WITH
CNP	OLIG1	INTERACTS_WITH
CNP	OLIG2	INTERACTS_WITH
CNP	PDGFRA	INTERACTS_WITH
CNP	PLP1	INTERACTS_WITH
CNR1	DRD2	INTERACTS_WITH
CNR1	HTR2A	INTERACTS_WITH
CNTN2	MOG	INTERACTS_WITH
CNTN2	NRP1	INTERACTS_WITH
CNTN2	PTPRZ1	INTERACTS_WITH
COL12A1	COL14A1	INTERACTS_WITH
COL12A1	COL1A1	INTERACTS_WITH
COL12A1	COL1A2	INTERACTS_WITH
COL12A1	COL22A1	INTERACTS_WITH
COL12A1	COL3A1	INTERACTS_WITH
COL12A1	COL5A2	INTERACTS_WITH
COL12A1	COL5A3	INTERACTS_WITH
COL12A1	COL6A3	INTERACTS_WITH
COL12A1	COL9A1	INTERACTS_WITH
COL12A1	LUM	INTERACTS_WITH
COL12A1	MMP2	INTERACTS_WITH
COL13A1	COL5A3	INTERACTS_WITH
COL14A1	COL15A1	INTERACTS_WITH
COL14A1	COL1A1	INTERACTS_WITH
COL14A1	COL1A2	INTERACTS_WITH
COL14A1	COL3A1	INTERACTS_WITH
COL14A1	COL5A2	INTERACTS_WITH
COL14A1	COL8A2	INTERACTS_WITH
COL14A1	COL9A1	INTERACTS_WITH
COL14A1	DCN	INTERACTS_WITH
COL14A1	LUM	INTERACTS_WITH
COL14A1	OGN	INTERACTS_WITH
COL14A1	PRELP	INTERACTS_WITH
COL15A1	COL1A1	INTERACTS_WITH
COL15A1	COL1A2	INTERACTS_WITH
COL15A1	COL3A1	INTERACTS_WITH
COL15A1	COL4A1	INTERACTS_WITH
COL15A1	COL4A4	INTERACTS_WITH
COL15A1	COL5A2	INTERACTS_WITH
COL1A1	COL1A2	INTERACTS_WITH
COL1A1	COL2A1	INTERACTS_WITH
COL1A1	COL3A1	INTERACTS_WITH
COL1A1	COL4A1	INTERACTS_WITH
COL1A1	COL5A2	INTERACTS_WITH
COL1A1	COL5A3	INTERACTS_WITH
COL1A1	COL6A3	INTERACTS_WITH
COL1A1	CTHRC1	INTERACTS_WITH
COL1A1	DCN	INTERACTS_WITH
COL1A1	FMOD	INTERACTS_WITH
COL1A1	IGF1	INTERACTS_WITH
COL1A1	ITGA11	INTERACTS_WITH
COL1A1	ITGA2	INTERACTS_WITH
COL1A1	ITGA4	INTERACTS_WITH
COL1A1	ITGB4	INTERACTS_WITH
COL1A1	LUM	INTERACTS_WITH
COL1A1	MMP2	INTERACTS_WITH
COL1A1	PCOLCE	INTERACTS_WITH
COL1A1	PCOLCE2	INTERACTS_WITH
COL1A1	PDGFRB	INTERACTS_WITH
COL1A1	POSTN	INTERACTS_WITH
COL1A1	SDC1	INTERACTS_WITH
COL1A1	SDC4	INTERACTS_WITH
COL1A1	TAGLN	INTERACTS_WITH
COL1A1	TGFBI	INTERACTS_WITH
COL1A1	VIM	INTERACTS_WITH
COL1A1	VWF	INTERACTS_WITH
COL1A2	COL2A1	INTERACTS_WITH
COL1A2	COL3A1	INTERACTS_WITH
COL1A2	COL4A1	INTERACTS_WITH
COL1A2	COL5A2	INTERACTS_WITH
COL1A2	COL5A3	INTERACTS_WITH
COL1A2	COL6A3	INTERACTS_WITH
COL1A2	DCN	INTERACTS_WITH
COL1A2	FBLN2	INTERACTS_WITH
COL1A2	ITGA11	INTERACTS_WITH
COL1A2	ITGA2	INTERACTS_WITH
COL1A2	ITGA4	INTERACTS_WITH
COL1A2	ITGB4	INTERACTS_WITH
COL1A2	LUM	INTERACTS_WITH
COL1A2	MMP2	INTERACTS_WITH
COL1A2	PCOLCE	INTERACTS_WITH
COL1A2	POSTN	INTERACTS_WITH
COL1A2	SDC1	INTERACTS_WITH
COL1A2	SDC4	INTERACTS_WITH
COL1A2	TAGLN	INTERACTS_WITH
COL1A2	TGFBI	INTERACTS_WITH
COL1A2	VCAN	INTERACTS_WITH
COL2A1	COL3A1	INTERACTS_WITH
COL2A1	COL5A2	INTERACTS_WITH
COL2A1	COL5A3	INTERACTS_WITH
COL2A1	COL6A3	INTERACTS_WITH
COL2A1	COL8A2	INTERACTS_WITH
COL2A1	COL9A1	INTERACTS_WITH
COL2A1	FGFR3	INTERACTS_WITH
COL2A1	HAPLN1	INTERACTS_WITH
COL2A1	HLA-DRA	INTERACTS_WITH
COL2A1	ITGA11	INTERACTS_WITH
COL2A1	ITGA2	INTERACTS_WITH
COL2A1	ITGB4	INTERACTS_WITH
COL2A1	LUM	INTERACTS_WITH
COL2A1	PTHLH	INTERACTS_WITH
COL2A1	SDC1	INTERACTS_WITH
COL2A1	SDC4	INTERACTS_WITH
COL3A1	COL4A1	INTERACTS_WITH
COL3A1	COL5A2	INTERACTS_WITH
COL3A1	COL5A3	INTERACTS_WITH
COL3A1	COL6A3	INTERACTS_WITH
COL3A1	DCN	INTERACTS_WITH
COL3A1	FBN2	INTERACTS_WITH
COL3A1	ITGA2	INTERACTS_WITH
COL3A1	LUM	INTERACTS_WITH
COL3A1	MMP2	INTERACTS_WITH
COL3A1	PCOLCE	INTERACTS_WITH
COL3A1	POSTN	INTERACTS_WITH
COL3A1	VCAN	INTERACTS_WITH
COL4A1	COL5A2	INTERACTS_WITH
COL4A1	COL5A3	INTERACTS_WITH
COL4A1	COL6A3	INTERACTS_WITH
COL4A1	ITGA11	INTERACTS_WITH
COL4A1	ITGA2	INTERACTS_WITH
COL4A1	ITGA4	INTERACTS_WITH
COL4A1	ITGB4	INTERACTS_WITH
COL4A1	MMP2	INTERACTS_WITH
COL4A1	SDC1	INTERACTS_WITH
COL4A1	SDC4	INTERACTS_WITH
COL4A4	ITGA11	INTERACTS_WITH
COL4A4	ITGA2	INTERACTS_WITH
COL4A4	ITGA4	INTERACTS_WITH
COL4A4	ITGB4	INTERACTS_WITH
COL5A2	COL5A3	INTERACTS_WITH
COL5A2	COL6A3	INTERACTS_WITH
COL5A2	LUM	INTERACTS_WITH
COL5A2	PCOLCE	INTERACTS_WITH
COL5A2	POSTN	INTERACTS_WITH
COL5A3	LUM	INTERACTS_WITH
COL6A3	ITGA11	INTERACTS_WITH
COL6A3	ITGA2	INTERACTS_WITH
COL6A3	ITGA4	INTERACTS_WITH
COL6A3	ITGB4	INTERACTS_WITH
COL6A3	LUM	INTERACTS_WITH
COL6A3	POSTN	INTERACTS_WITH
COL8A2	LOXHD1	INTERACTS_WITH
COL9A1	HAPLN1	INTERACTS_WITH
COL9A1	ITGA11	INTERACTS_WITH
COL9A1	ITGA2	INTERACTS_WITH
COL9A1	MATN3	INTERACTS_WITH
CORT	SST	INTERACTS_WITH
CORT	SSTR3	INTERACTS_WITH
CRABP1	CYP26B1	INTERACTS_WITH
CRABP1	NEUROG1	INTERACTS_WITH
CRABP1	RARB	INTERACTS_WITH
CRABP2	PLAAT1	INTERACTS_WITH
CRABP2	RARB	INTERACTS_WITH
CRH	CRHBP	INTERACTS_WITH
CRH	CRHR1	INTERACTS_WITH
CRH	CRHR2	INTERACTS_WITH
CRH	OPRM1	INTERACTS_WITH
CRH	PDYN	INTERACTS_WITH
CRH	PENK	INTERACTS_WITH
CRH	PNOC	INTERACTS_WITH
CRH	PTH1R	INTERACTS_WITH
CRH	SST	INTERACTS_WITH
CRH	TAC1	INTERACTS_WITH
CRH	VIP	INTERACTS_WITH
CRHBP	CRHR1	INTERACTS_WITH
CRHBP	CRHR2	INTERACTS_WITH
CRHR1	CRHR2	INTERACTS_WITH
CRHR1	OPRM1	INTERACTS_WITH
CRHR1	PDYN	INTERACTS_WITH
CRYAB	CRYBB2	INTERACTS_WITH
CRYAB	CRYGD	INTERACTS_WITH
CRYAB	GFAP	INTERACTS_WITH
CSF1	CSF1R	INTERACTS_WITH
CSF1	CXCR4	INTERACTS_WITH
CSF1	ERBB3	INTERACTS_WITH
CSF1	ERBB4	INTERACTS_WITH
CSF1	FGFR3	INTERACTS_WITH
CSF1	FLT1	INTERACTS_WITH
CSF1	FLT3	INTERACTS_WITH
CSF1	ITGAM	INTERACTS_WITH
CSF1	KIT	INTERACTS_WITH
CSF1	MET	INTERACTS_WITH
CSF1	NGFR	INTERACTS_WITH
CSF1	PDGFRA	INTERACTS_WITH
CSF1	PDGFRB	INTERACTS_WITH
CSF1R	CSF3R	INTERACTS_WITH
CSF1R	CX3CR1	INTERACTS_WITH
CSF1R	CYBB	INTERACTS_WITH
CSF1R	FGF5	INTERACTS_WITH
CSF1R	IGF1	INTERACTS_WITH
CSF1R	IGF2	INTERACTS_WITH
CSF1R	IRF8	INTERACTS_WITH
CSF1R	ITGAM	INTERACTS_WITH
CSF1R	ITGAX	INTERACTS_WITH
CSF1R	LY86	INTERACTS_WITH
CSF1R	NGF	INTERACTS_WITH
CSF1R	P2RY12	INTERACTS_WITH
CSF1R	PDGFD	INTERACTS_WITH
CSF1R	PECAM1	INTERACTS_WITH
CSF1R	TGFA	INTERACTS_WITH
CSF1R	TLR2	INTERACTS_WITH
CSF1R	TYROBP	INTERACTS_WITH
CSF3R	IL15	INTERACTS_WITH
CSF3R	KIT	INTERACTS_WITH
CSF3R	SOCS3	INTERACTS_WITH
CSF3R	SYK	INTERACTS_WITH
CSPG4	DCN	INTERACTS_WITH
CSPG4	GRIP1	INTERACTS_WITH
CSPG4	OLIG1	INTERACTS_WITH
CSPG4	OLIG2	INTERACTS_WITH
CSPG4	PDGFRA	INTERACTS_WITH
CSPG4	PDGFRB	INTERACTS_WITH
CSPG5	FBLN2	INTERACTS_WITH
CTHRC1	POSTN	INTERACTS_WITH
CX3CR1	CXCL14	INTERACTS_WITH
CX3CR1	CXCR4	INTERACTS_WITH
CX3CR1	ITGAM	INTERACTS_WITH
CX3CR1	ITGAX	INTERACTS_WITH
CX3CR1	TLR2	INTERACTS_WITH
CX3CR1	TYROBP	INTERACTS_WITH
CXCL14	CXCR4	INTERACTS_WITH
CXCR4	DPP4	INTERACTS_WITH
CXCR4	FLNA	INTERACTS_WITH
CXCR4	FLT1	INTERACTS_WITH
CXCR4	GNG11	INTERACTS_WITH
CXCR4	IGF1	INTERACTS_WITH
CXCR4	ITGA4	INTERACTS_WITH
CXCR4	ITGAM	INTERACTS_WITH
CXCR4	KIT	INTERACTS_WITH
CXCR4	MET	INTERACTS_WITH
CXCR4	PDGFRB	INTERACTS_WITH
CXCR4	PECAM1	INTERACTS_WITH
CXCR4	TLR2	INTERACTS_WITH
CYBB	GPX8	INTERACTS_WITH
CYBB	IRF8	INTERACTS_WITH
CYBB	ITGAM	INTERACTS_WITH
CYBB	MMP2	INTERACTS_WITH
CYBB	NOS1	INTERACTS_WITH
CYBB	TLR2	INTERACTS_WITH
CYBB	TRPC3	INTERACTS_WITH
CYP1B1	HPGDS	INTERACTS_WITH
CYP1B1	LTBP2	INTERACTS_WITH
CYP27C1	RDH12	INTERACTS_WITH
CYP27C1	SDR16C5	INTERACTS_WITH
CYP2J2	GPX8	INTERACTS_WITH
CYP2J2	TRPV4	INTERACTS_WITH
CYTH4	IPCEF1	INTERACTS_WITH
DCN	ERBB3	INTERACTS_WITH
DCN	ERBB4	INTERACTS_WITH
DCN	FGF5	INTERACTS_WITH
DCN	FMOD	INTERACTS_WITH
DCN	IGF1	INTERACTS_WITH
DCN	LUM	INTERACTS_WITH
DCN	MET	INTERACTS_WITH
DCN	MMP2	INTERACTS_WITH
DCN	OGN	INTERACTS_WITH
DCN	PDGFRA	INTERACTS_WITH
DCN	POSTN	INTERACTS_WITH
DCN	SDC1	INTERACTS_WITH
DCN	SDC4	INTERACTS_WITH
DCN	TGFBI	INTERACTS_WITH
DCN	TLR2	INTERACTS_WITH
DCN	VCAN	INTERACTS_WITH
DDAH2	SCGN	INTERACTS_WITH
DLGAP5	DTL	INTERACTS_WITH
DLGAP5	ESCO2	INTERACTS_WITH
DLGAP5	EXO1	INTERACTS_WITH
DLGAP5	GINS2	INTERACTS_WITH
DLGAP5	GTSE1	INTERACTS_WITH
DLGAP5	HJURP	INTERACTS_WITH
DLGAP5	KIF14	INTERACTS_WITH
DLGAP5	KIF18B	INTERACTS_WITH
DLGAP5	KIFC1	INTERACTS_WITH
DLGAP5	KNL1	INTERACTS_WITH
DLGAP5	KPNA2	INTERACTS_WITH
DLGAP5	MAD2L1	INTERACTS_WITH
DLGAP5	MCM10	INTERACTS_WITH
DLGAP5	MELK	INTERACTS_WITH
DLGAP5	MKI67	INTERACTS_WITH
DLGAP5	NCAPG	INTERACTS_WITH
DLGAP5	NDC80	INTERACTS_WITH
DLGAP5	NUSAP1	INTERACTS_WITH
DLGAP5	PBK	INTERACTS_WITH
DLGAP5	PIMREG	INTERACTS_WITH
DLGAP5	PTTG1	INTERACTS_WITH
DLGAP5	RRM2	INTERACTS_WITH
DLGAP5	SGO1	INTERACTS_WITH
DLGAP5	TOP2A	INTERACTS_WITH
DLGAP5	TPX2	INTERACTS_WITH
DLGAP5	TROAP	INTERACTS_WITH
DLGAP5	TTK	INTERACTS_WITH
DLGAP5	UBE2C	INTERACTS_WITH
DLL3	HES5	INTERACTS_WITH
DLL3	NOTCH3	INTERACTS_WITH
DLL3	NOTCH4	INTERACTS_WITH
DLX1	LHX6	INTERACTS_WITH
DNAH12	DNAH3	INTERACTS_WITH
DNAH12	DNAH9	INTERACTS_WITH
DNAH12	DNAI2	INTERACTS_WITH
DNAH3	DNAI2	INTERACTS_WITH
DNAH9	DNAI2	INTERACTS_WITH
DNAI2	ZMYND10	INTERACTS_WITH
DPP4	FOLH1	INTERACTS_WITH
DPP4	MME	INTERACTS_WITH
DRAXIN	DSCAM	INTERACTS_WITH
DRD1	DRD3	INTERACTS_WITH
DRD1	GNAL	INTERACTS_WITH
DRD1	GRIA1	INTERACTS_WITH
DRD1	HRH3	INTERACTS_WITH
DRD1	PPP1R1B	INTERACTS_WITH
DRD1	VIP	INTERACTS_WITH
DRD2	EDN1	INTERACTS_WITH
DRD2	EDN3	INTERACTS_WITH
DRD2	HRH3	INTERACTS_WITH
DRD2	HTR2A	INTERACTS_WITH
DRD2	PPP1R1B	INTERACTS_WITH
DRD2	SST	INTERACTS_WITH
DTL	EXO1	INTERACTS_WITH
DTL	MCM10	INTERACTS_WITH
DTL	MCM2	INTERACTS_WITH
DTL	MELK	INTERACTS_WITH
DTL	NCAPG	INTERACTS_WITH
DTL	NUSAP1	INTERACTS_WITH
DTL	PBK	INTERACTS_WITH
DTL	RRM2	INTERACTS_WITH
DTL	TOP2A	INTERACTS_WITH
DTL	TTK	INTERACTS_WITH
DTL	TYMS	INTERACTS_WITH
DTL	UHRF1	INTERACTS_WITH
EBF2	PRDM16	INTERACTS_WITH
EDIL3	HAPLN1	INTERACTS_WITH
EDN1	EDN3	INTERACTS_WITH
EDN1	EDNRA	INTERACTS_WITH
EDN1	EDNRB	INTERACTS_WITH
EDN1	GRP	INTERACTS_WITH
EDN1	MMP2	INTERACTS_WITH
EDN1	PTGER3	INTERACTS_WITH
EDN1	VWF	INTERACTS_WITH
EDN3	EDNRA	INTERACTS_WITH
EDN3	EDNRB	INTERACTS_WITH
EDN3	GFRA1	INTERACTS_WITH
EDN3	PAX3	INTERACTS_WITH
EDN3	PTGER3	INTERACTS_WITH
EDN3	SOX10	INTERACTS_WITH
EDNRA	EDNRB	INTERACTS_WITH
EDNRA	SST	INTERACTS_WITH
EDNRB	GFRA1	INTERACTS_WITH
EDNRB	KIT	INTERACTS_WITH
EDNRB	SOX10	INTERACTS_WITH
EFEMP1	FBLN2	INTERACTS_WITH
EGFL7	NOTCH4	INTERACTS_WITH
EGR1	F3	INTERACTS_WITH
EGR1	FOSB	INTERACTS_WITH
EGR1	FOSL2	INTERACTS_WITH
EGR1	NGF	INTERACTS_WITH
EGR1	NR4A1	INTERACTS_WITH
EMCN	PECAM1	INTERACTS_WITH
EMX2	NEUROG2	INTERACTS_WITH
EMX2	PAX2	INTERACTS_WITH
ENTPD3	RRM2	INTERACTS_WITH
ENTPD3	TYMS	INTERACTS_WITH
EOMES	GATA3	INTERACTS_WITH
EOMES	PRDM1	INTERACTS_WITH
EOMES	SATB2	INTERACTS_WITH
EOMES	STAT4	INTERACTS_WITH
EPHA4	EPHA5	INTERACTS_WITH
EPHA4	EPHA7	INTERACTS_WITH
EPHA4	NGEF	INTERACTS_WITH
EPHA5	NGEF	INTERACTS_WITH
EPHA6	NGEF	INTERACTS_WITH
EPHA7	NGEF	INTERACTS_WITH
EPHA8	NGEF	INTERACTS_WITH
EPHB6	NGEF	INTERACTS_WITH
EPS8	EPS8L2	INTERACTS_WITH
EPS8	MYO3B	INTERACTS_WITH
EPS8L2	MYO3B	INTERACTS_WITH
ERBB3	ERBB4	INTERACTS_WITH
ERBB3	FGF5	INTERACTS_WITH
ERBB3	IGF1	INTERACTS_WITH
ERBB3	IGF2	INTERACTS_WITH
ERBB3	MET	INTERACTS_WITH
ERBB3	NGF	INTERACTS_WITH
ERBB3	NRG1	INTERACTS_WITH
ERBB3	NTF3	INTERACTS_WITH
ERBB3	PDGFD	INTERACTS_WITH
ERBB3	TGFA	INTERACTS_WITH
ERBB4	FGF5	INTERACTS_WITH
ERBB4	IGF1	INTERACTS_WITH
ERBB4	IGF2	INTERACTS_WITH
ERBB4	NGF	INTERACTS_WITH
ERBB4	NRG1	INTERACTS_WITH
ERBB4	NTF3	INTERACTS_WITH
ERBB4	OLIG2	INTERACTS_WITH
ERBB4	PDGFD	INTERACTS_WITH
ERBB4	PVALB	INTERACTS_WITH
ERBB4	STMN1	INTERACTS_WITH
ERBB4	TGFA	INTERACTS_WITH
ERMN	HAPLN2	INTERACTS_WITH
ERMN	MBP	INTERACTS_WITH
ERMN	MOBP	INTERACTS_WITH
ERMN	OPALIN	INTERACTS_WITH
ESCO2	GLYATL1	INTERACTS_WITH
ESCO2	MCM10	INTERACTS_WITH
ESCO2	SGO1	INTERACTS_WITH
EXO1	HJURP	INTERACTS_WITH
EXO1	KIF14	INTERACTS_WITH
EXO1	MAD2L1	INTERACTS_WITH
EXO1	MCM10	INTERACTS_WITH
EXO1	MCM2	INTERACTS_WITH
EXO1	MCM5	INTERACTS_WITH
EXO1	MELK	INTERACTS_WITH
EXO1	NCAPG	INTERACTS_WITH
EXO1	NDC80	INTERACTS_WITH
EXO1	NEIL3	INTERACTS_WITH
EXO1	NUSAP1	INTERACTS_WITH
EXO1	PBK	INTERACTS_WITH
EXO1	RMI2	INTERACTS_WITH
EXO1	RNASEH2A	INTERACTS_WITH
EXO1	RRM2	INTERACTS_WITH
EXO1	TOP2A	INTERACTS_WITH
EXO1	TPX2	INTERACTS_WITH
EXO1	TTK	INTERACTS_WITH
EXO1	TYMS	INTERACTS_WITH
EYA4	SIX1	INTERACTS_WITH
EYS	RDH12	INTERACTS_WITH
F12	F3	INTERACTS_WITH
F12	F5	INTERACTS_WITH
F3	F5	INTERACTS_WITH
F3	P2RY12	INTERACTS_WITH
F3	SELPLG	INTERACTS_WITH
F3	TFPI	INTERACTS_WITH
F3	VWF	INTERACTS_WITH
FABP7	GFAP	INTERACTS_WITH
FABP7	NES	INTERACTS_WITH
FABP7	NOTCH3	INTERACTS_WITH
FABP7	SLC1A3	INTERACTS_WITH
FBLN2	POSTN	INTERACTS_WITH
FBN2	LUM	INTERACTS_WITH
FEZF2	NEUROD6	INTERACTS_WITH
FEZF2	SATB2	INTERACTS_WITH
FEZF2	TBR1	INTERACTS_WITH
FGF13	FGFR3	INTERACTS_WITH
FGF13	FLT1	INTERACTS_WITH
FGF13	IGF1	INTERACTS_WITH
FGF13	NRP1	INTERACTS_WITH
FGF13	PDGFRA	INTERACTS_WITH
FGF13	PTHLH	INTERACTS_WITH
FGF13	PTX3	INTERACTS_WITH
FGF13	SCN5A	INTERACTS_WITH
FGF13	SDC1	INTERACTS_WITH
FGF13	SDC4	INTERACTS_WITH
FGF5	FGFR3	INTERACTS_WITH
FGF5	FLT1	INTERACTS_WITH
FGF5	FLT3	INTERACTS_WITH
FGF5	IGF1	INTERACTS_WITH
FGF5	KIT	INTERACTS_WITH
FGF5	KL	INTERACTS_WITH
FGF5	MET	INTERACTS_WITH
FGF5	NGF	INTERACTS_WITH
FGF5	NGFR	INTERACTS_WITH
FGF5	NRP1	INTERACTS_WITH
FGF5	PDGFRA	INTERACTS_WITH
FGF5	PDGFRB	INTERACTS_WITH
FGF5	PECAM1	INTERACTS_WITH
FGF5	RSPO2	INTERACTS_WITH
FGF5	SDC1	INTERACTS_WITH
FGFR3	IGF1	INTERACTS_WITH
FGFR3	IGF2	INTERACTS_WITH
FGFR3	KL	INTERACTS_WITH
FGFR3	MSX2	INTERACTS_WITH
FGFR3	NGF	INTERACTS_WITH
FGFR3	NPPC	INTERACTS_WITH
FGFR3	PDGFD	INTERACTS_WITH
FGFR3	TGFA	INTERACTS_WITH
FGFR3	TWIST1	INTERACTS_WITH
FGL2	MS4A6A	INTERACTS_WITH
FILIP1	FLNA	INTERACTS_WITH
FILIP1	RHOD	INTERACTS_WITH
FLNA	ITGA2	INTERACTS_WITH
FLNA	ITGA4	INTERACTS_WITH
FLNA	ITGB4	INTERACTS_WITH
FLNA	SGCG	INTERACTS_WITH
FLNA	VWF	INTERACTS_WITH
FLT1	IGF1	INTERACTS_WITH
FLT1	IGF2	INTERACTS_WITH
FLT1	MMP2	INTERACTS_WITH
FLT1	NGF	INTERACTS_WITH
FLT1	NRP1	INTERACTS_WITH
FLT1	NTF3	INTERACTS_WITH
FLT1	PDGFD	INTERACTS_WITH
FLT1	PECAM1	INTERACTS_WITH
FLT1	TGFA	INTERACTS_WITH
FLT3	IGF1	INTERACTS_WITH
FLT3	IGF2	INTERACTS_WITH
FLT3	ITGAM	INTERACTS_WITH
FLT3	NGF	INTERACTS_WITH
FLT3	PDGFD	INTERACTS_WITH
FLT3	SYK	INTERACTS_WITH
FLT3	TGFA	INTERACTS_WITH
FMOD	LUM	INTERACTS_WITH
FMOD	OGN	INTERACTS_WITH
FMOD	OMD	INTERACTS_WITH
FMOD	PRELP	INTERACTS_WITH
FMOD	VCAN	INTERACTS_WITH
FOLH1	GRP	INTERACTS_WITH
FOSB	FOSL2	INTERACTS_WITH
FOSB	NR4A1	INTERACTS_WITH
FOXJ1	TEKT1	INTERACTS_WITH
FOXP2	TBR1	INTERACTS_WITH
FRAS1	FREM2	INTERACTS_WITH
FRAS1	GRIP1	INTERACTS_WITH
FREM2	GRIP1	INTERACTS_WITH
FSHR	VIP	INTERACTS_WITH
FST	SMOC1	INTERACTS_WITH
FXYD1	PLN	INTERACTS_WITH
FXYD1	TAC1	INTERACTS_WITH
GABRD	SLC6A11	INTERACTS_WITH
GABRD	SLC6A13	INTERACTS_WITH
GAD1	GAD2	INTERACTS_WITH
GAD1	GFAP	INTERACTS_WITH
GAD1	GGT5	INTERACTS_WITH
GAD1	PVALB	INTERACTS_WITH
GAD1	SLC17A6	INTERACTS_WITH
GAD1	SLC17A7	INTERACTS_WITH
GAD1	SLC32A1	INTERACTS_WITH
GAD1	SST	INTERACTS_WITH
GAD1	TBR1	INTERACTS_WITH
GAD2	GGT5	INTERACTS_WITH
GAD2	PVALB	INTERACTS_WITH
GAD2	SLC17A6	INTERACTS_WITH
GAD2	SLC17A7	INTERACTS_WITH
GAD2	SLC30A10	INTERACTS_WITH
GAD2	SLC32A1	INTERACTS_WITH
GAD2	SST	INTERACTS_WITH
GAD2	STX1A	INTERACTS_WITH
GALR1	OPRD1	INTERACTS_WITH
GALR1	OPRM1	INTERACTS_WITH
GAS1	LRP2	INTERACTS_WITH
GATA3	IKZF1	INTERACTS_WITH
GATA3	IL33	INTERACTS_WITH
GATA3	MYB	INTERACTS_WITH
GATA3	RORA	INTERACTS_WITH
GATA3	SOX4	INTERACTS_WITH
GATA3	STAT4	INTERACTS_WITH
GFAP	INA	INTERACTS_WITH
GFAP	ITGAM	INTERACTS_WITH
GFAP	MBP	INTERACTS_WITH
GFAP	MOG	INTERACTS_WITH
GFAP	NEFL	INTERACTS_WITH
GFAP	NEFM	INTERACTS_WITH
GFAP	NES	INTERACTS_WITH
GFAP	OLIG1	INTERACTS_WITH
GFAP	OLIG2	INTERACTS_WITH
GFAP	PDGFRA	INTERACTS_WITH
GFAP	PLP1	INTERACTS_WITH
GFAP	PVALB	INTERACTS_WITH
GFAP	SLC17A7	INTERACTS_WITH
GFAP	SLC1A2	INTERACTS_WITH
GFAP	SLC1A3	INTERACTS_WITH
GFAP	SOX10	INTERACTS_WITH
GFAP	TBR1	INTERACTS_WITH
GFAP	VIM	INTERACTS_WITH
GFRA1	NGF	INTERACTS_WITH
GFRA1	SOX10	INTERACTS_WITH
GGT5	GPX8	INTERACTS_WITH
GGT5	HPGDS	INTERACTS_WITH
GGT5	RGS9	INTERACTS_WITH
GINS2	GINS3	INTERACTS_WITH
GINS2	MCM10	INTERACTS_WITH
GINS2	MCM2	INTERACTS_WITH
GINS2	MCM5	INTERACTS_WITH
GINS2	NCAPG	INTERACTS_WITH
GINS2	TOP2A	INTERACTS_WITH
GINS2	TYMS	INTERACTS_WITH
GINS3	MCM10	INTERACTS_WITH
GINS3	MCM2	INTERACTS_WITH
GINS3	MCM5	INTERACTS_WITH
GJA1	GJB6	INTERACTS_WITH
GJA1	GJC1	INTERACTS_WITH
GJA1	PKP2	INTERACTS_WITH
GJA1	SCN5A	INTERACTS_WITH
GJA1	TJP2	INTERACTS_WITH
GJA1	TNNT2	INTERACTS_WITH
GJA1	TUBA1A	INTERACTS_WITH
GJA1	TUBB	INTERACTS_WITH
GJA1	TUBB2B	INTERACTS_WITH
GJA1	TUBB3	INTERACTS_WITH
GJB6	GJC1	INTERACTS_WITH
GJB6	SLC26A4	INTERACTS_WITH
GJC1	HCN4	INTERACTS_WITH
GLYATL1	OPN4	INTERACTS_WITH
GNAL	GNG11	INTERACTS_WITH
GNAL	HTR7	INTERACTS_WITH
GNG11	HTR7	INTERACTS_WITH
GNG11	NMU	INTERACTS_WITH
GPC2	GPC3	INTERACTS_WITH
GPC2	MDK	INTERACTS_WITH
GPC2	SDC1	INTERACTS_WITH
GPC3	IGF2	INTERACTS_WITH
GPC3	SDC1	INTERACTS_WITH
GPC3	SULF2	INTERACTS_WITH
GPC3	TFPI	INTERACTS_WITH
GPC3	UNC5D	INTERACTS_WITH
GPER1	NMU	INTERACTS_WITH
GPER1	OPRM1	INTERACTS_WITH
GPR17	ITGA4	INTERACTS_WITH
GPR17	P2RY12	INTERACTS_WITH
GPR37	GPR37L1	INTERACTS_WITH
GPR6	GPR88	INTERACTS_WITH
GPRC5C	GRM2	INTERACTS_WITH
GPX8	HPGDS	INTERACTS_WITH
GPX8	SOD3	INTERACTS_WITH
GRIA1	GRID2	INTERACTS_WITH
GRIA1	GRIK3	INTERACTS_WITH
GRIA1	GRIN2C	INTERACTS_WITH
GRIA1	GRIN2D	INTERACTS_WITH
GRIA1	GRIN3A	INTERACTS_WITH
GRIA1	GRIP1	INTERACTS_WITH
GRIA1	GRIP2	INTERACTS_WITH
GRIA1	GRM1	INTERACTS_WITH
GRIA1	GRM2	INTERACTS_WITH
GRIA1	GRM4	INTERACTS_WITH
GRIA1	OLFM3	INTERACTS_WITH
GRIA1	SLC17A7	INTERACTS_WITH
GRIA1	SLC32A1	INTERACTS_WITH
GRIA1	SYN3	INTERACTS_WITH
GRID2	GRID2IP	INTERACTS_WITH
GRIK1	GRIK3	INTERACTS_WITH
GRIK1	GRM1	INTERACTS_WITH
GRIK1	GRM2	INTERACTS_WITH
GRIK1	GRM4	INTERACTS_WITH
GRIN2C	GRIN2D	INTERACTS_WITH
GRIN2C	GRIN3A	INTERACTS_WITH
GRIN2C	NOS1	INTERACTS_WITH
GRIN2C	P2RX7	INTERACTS_WITH
GRIN2C	PDYN	INTERACTS_WITH
GRIN2C	PVALB	INTERACTS_WITH
GRIN2D	GRIN3A	INTERACTS_WITH
GRIN2D	NOS1	INTERACTS_WITH
GRIN2D	P2RX7	INTERACTS_WITH
GRIN2D	PDYN	INTERACTS_WITH
GRIN3A	PDYN	INTERACTS_WITH
GRM1	GRM4	INTERACTS_WITH
GRM1	RORA	INTERACTS_WITH
GRM2	GRM4	INTERACTS_WITH
GRM2	HTR2A	INTERACTS_WITH
GRP	SST	INTERACTS_WITH
GRP	TAC1	INTERACTS_WITH
GRP	VIP	INTERACTS_WITH
GRP	VIPR2	INTERACTS_WITH
GTF2A1L	STON1	INTERACTS_WITH
GTSE1	HJURP	INTERACTS_WITH
GTSE1	MELK	INTERACTS_WITH
GTSE1	MKI67	INTERACTS_WITH
GTSE1	TOP2A	INTERACTS_WITH
GTSE1	TROAP	INTERACTS_WITH
GTSE1	UBE2C	INTERACTS_WITH
GUCA1C	SLC25A18	INTERACTS_WITH
H1-1	H2BC21	INTERACTS_WITH
H2BC21	H2BC5	INTERACTS_WITH
H2BC21	UHRF1	INTERACTS_WITH
HAPLN2	PTPRZ1	INTERACTS_WITH
HCN4	SCN5A	INTERACTS_WITH
HCN4	SHOX2	INTERACTS_WITH
HCN4	TBX18	INTERACTS_WITH
HCN4	TBX3	INTERACTS_WITH
HES1	HES5	INTERACTS_WITH
HES1	JAG1	INTERACTS_WITH
HES1	NOTCH3	INTERACTS_WITH
HES1	NOTCH4	INTERACTS_WITH
HES5	JAG1	INTERACTS_WITH
HES5	NOTCH3	INTERACTS_WITH
HES5	NOTCH4	INTERACTS_WITH
HES5	NRARP	INTERACTS_WITH
HJURP	KIF14	INTERACTS_WITH
HJURP	KIF18B	INTERACTS_WITH
HJURP	KIFC1	INTERACTS_WITH
HJURP	KNL1	INTERACTS_WITH
HJURP	MELK	INTERACTS_WITH
HJURP	MKI67	INTERACTS_WITH
HJURP	NCAPG	INTERACTS_WITH
HJURP	NDC80	INTERACTS_WITH
HJURP	NUSAP1	INTERACTS_WITH
HJURP	PBK	INTERACTS_WITH
HJURP	PIMREG	INTERACTS_WITH
HJURP	PTTG1	INTERACTS_WITH
HJURP	RRM2	INTERACTS_WITH
HJURP	SGO1	INTERACTS_WITH
HJURP	TOP2A	INTERACTS_WITH
HJURP	TPX2	INTERACTS_WITH
HJURP	TROAP	INTERACTS_WITH
HJURP	TTK	INTERACTS_WITH
HJURP	UBE2C	INTERACTS_WITH
HLA-DRA	IRF8	INTERACTS_WITH
HLA-DRA	MBP	INTERACTS_WITH
HLA-DRA	VIM	INTERACTS_WITH
HMGA1	HMGA2	INTERACTS_WITH
HMGA2	SNAI2	INTERACTS_WITH
HNF4A	PROX1	INTERACTS_WITH
HPSE2	SDC1	INTERACTS_WITH
HTR2A	HTR2C	INTERACTS_WITH
ICAM2	ITGAM	INTERACTS_WITH
ICAM2	PECAM1	INTERACTS_WITH
ICAM2	SELPLG	INTERACTS_WITH
IGF1	IGF2	INTERACTS_WITH
IGF1	IGFBP6	INTERACTS_WITH
IGF1	KIT	INTERACTS_WITH
IGF1	MET	INTERACTS_WITH
IGF1	MMP2	INTERACTS_WITH
IGF1	NGF	INTERACTS_WITH
IGF1	NGFR	INTERACTS_WITH
IGF1	NTF3	INTERACTS_WITH
IGF1	PDGFD	INTERACTS_WITH
IGF1	PDGFRA	INTERACTS_WITH
IGF1	PDGFRB	INTERACTS_WITH
IGF1	SST	INTERACTS_WITH
IGF1	TGFA	INTERACTS_WITH
IGF2	IGFBP6	INTERACTS_WITH
IGF2	KIT	INTERACTS_WITH
IGF2	MET	INTERACTS_WITH
IGF2	MMP2	INTERACTS_WITH
IGF2	NGFR	INTERACTS_WITH
IGF2	NNAT	INTERACTS_WITH
IGF2	PDGFRA	INTERACTS_WITH
IGF2	PDGFRB	INTERACTS_WITH
IL12RB2	IL15	INTERACTS_WITH
IL12RB2	SOCS3	INTERACTS_WITH
IL12RB2	STAT4	INTERACTS_WITH
IL15	IL33	INTERACTS_WITH
IL15	PDGFRA	INTERACTS_WITH
IL15	PDGFRB	INTERACTS_WITH
IL1RAPL2	PTPRD	INTERACTS_WITH
IL1RL2	IL33	INTERACTS_WITH
IL33	TLR2	INTERACTS_WITH
INA	NEFH	INTERACTS_WITH
INA	NEFL	INTERACTS_WITH
INA	NEFM	INTERACTS_WITH
INA	NES	INTERACTS_WITH
INA	VIM	INTERACTS_WITH
IQCJ	NRGN	INTERACTS_WITH
IRF8	ITGAM	INTERACTS_WITH
IRF8	MAFB	INTERACTS_WITH
IRF8	TYROBP	INTERACTS_WITH
ITGA11	ITGA2	INTERACTS_WITH
ITGA11	ITGA4	INTERACTS_WITH
ITGA11	ITGAX	INTERACTS_WITH
ITGA11	ITGB4	INTERACTS_WITH
ITGA11	LAMC3	INTERACTS_WITH
ITGA11	RELN	INTERACTS_WITH
ITGA2	ITGA4	INTERACTS_WITH
ITGA2	ITGAX	INTERACTS_WITH
ITGA2	ITGB4	INTERACTS_WITH
ITGA2	LAMC3	INTERACTS_WITH
ITGA2	MET	INTERACTS_WITH
ITGA2	TNC	INTERACTS_WITH
ITGA2	VWF	INTERACTS_WITH
ITGA4	ITGAM	INTERACTS_WITH
ITGA4	ITGAX	INTERACTS_WITH
ITGA4	ITGB4	INTERACTS_WITH
ITGA4	LAMC3	INTERACTS_WITH
ITGA4	PECAM1	INTERACTS_WITH
ITGA4	VWF	INTERACTS_WITH
ITGAM	ITGAX	INTERACTS_WITH
ITGAM	KIT	INTERACTS_WITH
ITGAM	MBP	INTERACTS_WITH
ITGAM	PECAM1	INTERACTS_WITH
ITGAM	RGS14	INTERACTS_WITH
ITGAM	SDC1	INTERACTS_WITH
ITGAM	SELPLG	INTERACTS_WITH
ITGAM	TLR2	INTERACTS_WITH
ITGAM	TYROBP	INTERACTS_WITH
ITGAX	ITGB4	INTERACTS_WITH
ITGAX	MME	INTERACTS_WITH
ITGAX	NRP1	INTERACTS_WITH
ITGAX	PECAM1	INTERACTS_WITH
ITGAX	SDC1	INTERACTS_WITH
ITGAX	TLR2	INTERACTS_WITH
ITGB4	LAMC3	INTERACTS_WITH
ITGB4	SDC1	INTERACTS_WITH
ITGB4	VWF	INTERACTS_WITH
ITIH2	TF	INTERACTS_WITH
ITIH5	PRELP	INTERACTS_WITH
ITPKA	PLCH2	INTERACTS_WITH
JAG1	NOTCH3	INTERACTS_WITH
JAG1	NOTCH4	INTERACTS_WITH
JAG1	NRARP	INTERACTS_WITH
JPH2	RYR1	INTERACTS_WITH
JPH2	TRDN	INTERACTS_WITH
KCNE1	KCNE4	INTERACTS_WITH
KCNE1	SCN4B	INTERACTS_WITH
KCNE1	SCN5A	INTERACTS_WITH
KCNE4	KCNQ5	INTERACTS_WITH
KCNK1	KCNK2	INTERACTS_WITH
KCNK1	KCNK9	INTERACTS_WITH
KCNMB2	KCNN2	INTERACTS_WITH
KIF14	KIF18B	INTERACTS_WITH
KIF14	KIFC1	INTERACTS_WITH
KIF14	MCM10	INTERACTS_WITH
KIF14	MELK	INTERACTS_WITH
KIF14	MKI67	INTERACTS_WITH
KIF14	MYBL2	INTERACTS_WITH
KIF14	NCAPG	INTERACTS_WITH
KIF14	NDC80	INTERACTS_WITH
KIF14	NUSAP1	INTERACTS_WITH
KIF14	PBK	INTERACTS_WITH
KIF14	TOP2A	INTERACTS_WITH
KIF14	TPX2	INTERACTS_WITH
KIF14	TTK	INTERACTS_WITH
KIF14	TUBB2B	INTERACTS_WITH
KIF18B	KIFC1	INTERACTS_WITH
KIF18B	MKI67	INTERACTS_WITH
KIF18B	TROAP	INTERACTS_WITH
KIF18B	UBE2C	INTERACTS_WITH
KIFC1	KPNA2	INTERACTS_WITH
KIFC1	MAD2L1	INTERACTS_WITH
KIFC1	MKI67	INTERACTS_WITH
KIFC1	MYBL2	INTERACTS_WITH
KIFC1	NCAPG	INTERACTS_WITH
KIFC1	NUSAP1	INTERACTS_WITH
KIFC1	PTTG1	INTERACTS_WITH
KIFC1	TOP2A	INTERACTS_WITH
KIFC1	TPX2	INTERACTS_WITH
KIFC1	TROAP	INTERACTS_WITH
KIFC1	TTK	INTERACTS_WITH
KIFC1	TUBB	INTERACTS_WITH
KIFC1	UBE2C	INTERACTS_WITH
KIT	MME	INTERACTS_WITH
KIT	NGF	INTERACTS_WITH
KIT	PDGFD	INTERACTS_WITH
KIT	PECAM1	INTERACTS_WITH
KIT	SNAI2	INTERACTS_WITH
KIT	SOCS1	INTERACTS_WITH
KIT	TFAP2A	INTERACTS_WITH
KIT	TFAP2B	INTERACTS_WITH
KIT	TGFA	INTERACTS_WITH
KLRC3	TYROBP	INTERACTS_WITH
KMO	TDO2	INTERACTS_WITH
KMO	TTR	INTERACTS_WITH
KNL1	MAD2L1	INTERACTS_WITH
KNL1	NDC80	INTERACTS_WITH
KNL1	SGO1	INTERACTS_WITH
KNL1	TOP2A	INTERACTS_WITH
KNL1	TTK	INTERACTS_WITH
KPNA2	MELK	INTERACTS_WITH
KPNA2	PBK	INTERACTS_WITH
KPNA2	RRM2	INTERACTS_WITH
KPNA2	TOP2A	INTERACTS_WITH
KPNA2	TPX2	INTERACTS_WITH
KPNA2	UBE2C	INTERACTS_WITH
LAMC3	SV2B	INTERACTS_WITH
LAMC3	SV2C	INTERACTS_WITH
LAPTM5	NCKAP1L	INTERACTS_WITH
LAPTM5	TYROBP	INTERACTS_WITH
LCAT	LPL	INTERACTS_WITH
LCAT	PLD4	INTERACTS_WITH
LGALS1	LUM	INTERACTS_WITH
LGALS1	S100A4	INTERACTS_WITH
LGALS1	SLC9C1	INTERACTS_WITH
LGALS1	VIM	INTERACTS_WITH
LGR6	RSPO2	INTERACTS_WITH
LGR6	RSPO3	INTERACTS_WITH
LHX1	NEUROG2	INTERACTS_WITH
LHX1	NKX2-2	INTERACTS_WITH
LHX1	OTX2	INTERACTS_WITH
LHX1	PAX2	INTERACTS_WITH
LHX6	MSX1	INTERACTS_WITH
LHX6	PDE1A	INTERACTS_WITH
LHX6	PVALB	INTERACTS_WITH
LHX6	SST	INTERACTS_WITH
LHX6	TBR1	INTERACTS_WITH
LILRB4	SYK	INTERACTS_WITH
LIPG	LPL	INTERACTS_WITH
LIPG	PLPP2	INTERACTS_WITH
LIPG	PLPP4	INTERACTS_WITH
LMOD1	MYH11	INTERACTS_WITH
LMOD1	MYL9	INTERACTS_WITH
LMOD1	MYLK	INTERACTS_WITH
LMOD1	TAGLN	INTERACTS_WITH
LMOD1	TPM2	INTERACTS_WITH
LMX1A	MSX1	INTERACTS_WITH
LMX1A	NEUROG2	INTERACTS_WITH
LMX1A	NKX2-2	INTERACTS_WITH
LMX1A	OTX2	INTERACTS_WITH
LMX1A	PAX2	INTERACTS_WITH
LOXHD1	OTOF	INTERACTS_WITH
LOXHD1	PCDH15	INTERACTS_WITH
LPL	LRP2	INTERACTS_WITH
LPL	PLPP2	INTERACTS_WITH
LPL	PLPP4	INTERACTS_WITH
LRP2	SYT2	INTERACTS_WITH
LRP2	TG	INTERACTS_WITH
LRP2	TTR	INTERACTS_WITH
LRP8	RELN	INTERACTS_WITH
LST1	TYROBP	INTERACTS_WITH
LUM	MMP2	INTERACTS_WITH
LUM	OGN	INTERACTS_WITH
LUM	OMD	INTERACTS_WITH
LUM	POSTN	INTERACTS_WITH
LUM	PRELP	INTERACTS_WITH
LUM	VCAN	INTERACTS_WITH
LY86	TYROBP	INTERACTS_WITH
MAB21L1	MEIS2	INTERACTS_WITH
MAB21L1	PBX3	INTERACTS_WITH
MAB21L2	MEIS2	INTERACTS_WITH
MAB21L2	PBX3	INTERACTS_WITH
MAD2L1	MCM10	INTERACTS_WITH
MAD2L1	MCM2	INTERACTS_WITH
MAD2L1	MCM5	INTERACTS_WITH
MAD2L1	MELK	INTERACTS_WITH
MAD2L1	NCAPG	INTERACTS_WITH
MAD2L1	NDC80	INTERACTS_WITH
MAD2L1	NUSAP1	INTERACTS_WITH
MAD2L1	PBK	INTERACTS_WITH
MAD2L1	PTTG1	INTERACTS_WITH
MAD2L1	RRM2	INTERACTS_WITH
MAD2L1	SGO1	INTERACTS_WITH
MAD2L1	TOP2A	INTERACTS_WITH
MAD2L1	TPX2	INTERACTS_WITH
MAD2L1	TTK	INTERACTS_WITH
MAD2L1	TYMS	INTERACTS_WITH
MAD2L1	UBE2C	INTERACTS_WITH
MAG	MBP	INTERACTS_WITH
MAG	MOBP	INTERACTS_WITH
MAG	MOG	INTERACTS_WITH
MAG	NGFR	INTERACTS_WITH
MAG	OLIG2	INTERACTS_WITH
MAG	OPALIN	INTERACTS_WITH
MAG	PLP1	INTERACTS_WITH
MAG	RTN4RL2	INTERACTS_WITH
MAG	SOX10	INTERACTS_WITH
MAG	TMEM235	INTERACTS_WITH
MBP	MOBP	INTERACTS_WITH
MBP	MOG	INTERACTS_WITH
MBP	NEFH	INTERACTS_WITH
MBP	NEFL	INTERACTS_WITH
MBP	OLIG1	INTERACTS_WITH
MBP	OLIG2	INTERACTS_WITH
MBP	PDGFRA	INTERACTS_WITH
MBP	PLP1	INTERACTS_WITH
MBP	SOX10	INTERACTS_WITH
MCAM	PECAM1	INTERACTS_WITH
MCM10	MCM2	INTERACTS_WITH
MCM10	MCM5	INTERACTS_WITH
MCM10	MELK	INTERACTS_WITH
MCM10	NCAPG	INTERACTS_WITH
MCM10	PBK	INTERACTS_WITH
MCM10	RRM2	INTERACTS_WITH
MCM10	TOP2A	INTERACTS_WITH
MCM10	TPX2	INTERACTS_WITH
MCM10	TTK	INTERACTS_WITH
MCM2	MCM5	INTERACTS_WITH
MCM2	RNASEH2A	INTERACTS_WITH
MCM2	RRM2	INTERACTS_WITH
MCM2	TYMS	INTERACTS_WITH
MCM5	RNASEH2A	INTERACTS_WITH
MCM5	RRM2	INTERACTS_WITH
MCM5	TOP2A	INTERACTS_WITH
MCM5	TYMS	INTERACTS_WITH
MDK	PTPRZ1	INTERACTS_WITH
MDK	SDC1	INTERACTS_WITH
MDK	SDC4	INTERACTS_WITH
MEIS2	PBX3	INTERACTS_WITH
MELK	MKI67	INTERACTS_WITH
MELK	MYBL2	INTERACTS_WITH
MELK	NCAPG	INTERACTS_WITH
MELK	NDC80	INTERACTS_WITH
MELK	NEIL3	INTERACTS_WITH
MELK	NUSAP1	INTERACTS_WITH
MELK	PBK	INTERACTS_WITH
MELK	PTTG1	INTERACTS_WITH
MELK	RRM2	INTERACTS_WITH
MELK	SGO1	INTERACTS_WITH
MELK	TOP2A	INTERACTS_WITH
MELK	TPX2	INTERACTS_WITH
MELK	TROAP	INTERACTS_WITH
MELK	TTK	INTERACTS_WITH
MELK	TYMS	INTERACTS_WITH
MELK	UBE2C	INTERACTS_WITH
MET	MMP2	INTERACTS_WITH
MET	NGF	INTERACTS_WITH
MET	PDGFD	INTERACTS_WITH
MET	TGFA	INTERACTS_WITH
MKI67	MYBL2	INTERACTS_WITH
MKI67	NCAPG	INTERACTS_WITH
MKI67	NDC80	INTERACTS_WITH
MKI67	NUSAP1	INTERACTS_WITH
MKI67	PBK	INTERACTS_WITH
MKI67	RRM2	INTERACTS_WITH
MKI67	TOP2A	INTERACTS_WITH
MKI67	TPX2	INTERACTS_WITH
MKI67	TROAP	INTERACTS_WITH
MKI67	TTK	INTERACTS_WITH
MKI67	UBE2C	INTERACTS_WITH
MKI67	UHRF1	INTERACTS_WITH
MME	SDC1	INTERACTS_WITH
MME	TAC1	INTERACTS_WITH
MMP2	PECAM1	INTERACTS_WITH
MMP2	POSTN	INTERACTS_WITH
MMP2	SNAI2	INTERACTS_WITH
MMP2	TIMP4	INTERACTS_WITH
MMRN2	ROBO4	INTERACTS_WITH
MOBP	MOG	INTERACTS_WITH
MOBP	OPALIN	INTERACTS_WITH
MOBP	PLP1	INTERACTS_WITH
MOG	OLIG1	INTERACTS_WITH
MOG	PLP1	INTERACTS_WITH
MS4A6A	TYROBP	INTERACTS_WITH
MSX1	MSX2	INTERACTS_WITH
MSX1	PAX3	INTERACTS_WITH
MSX1	SATB2	INTERACTS_WITH
MSX1	SIX1	INTERACTS_WITH
MSX2	TWIST1	INTERACTS_WITH
MYBL2	RRM2	INTERACTS_WITH
MYBL2	TFAP2A	INTERACTS_WITH
MYBL2	TOP2A	INTERACTS_WITH
MYBL2	TPX2	INTERACTS_WITH
MYBL2	UBE2C	INTERACTS_WITH
MYH11	MYL9	INTERACTS_WITH
MYH11	MYLK	INTERACTS_WITH
MYH11	MYOCD	INTERACTS_WITH
MYH11	SMTN	INTERACTS_WITH
MYH11	TAGLN	INTERACTS_WITH
MYH11	TPM2	INTERACTS_WITH
MYL9	MYLK	INTERACTS_WITH
MYL9	MYLK3	INTERACTS_WITH
MYL9	MYO18B	INTERACTS_WITH
MYL9	TAGLN	INTERACTS_WITH
MYL9	TPM2	INTERACTS_WITH
MYLK	TPM2	INTERACTS_WITH
MYOCD	PHACTR1	INTERACTS_WITH
MYOCD	SMTN	INTERACTS_WITH
MYOCD	TAGLN	INTERACTS_WITH
MYRF	OLIG1	INTERACTS_WITH
MYRF	PLP1	INTERACTS_WITH
MYRF	SOX10	INTERACTS_WITH
MYT1	PLP1	INTERACTS_WITH
NCAPG	NDC80	INTERACTS_WITH
NCAPG	NUSAP1	INTERACTS_WITH
NCAPG	PBK	INTERACTS_WITH
NCAPG	PTTG1	INTERACTS_WITH
NCAPG	RRM2	INTERACTS_WITH
NCAPG	SGO1	INTERACTS_WITH
NCAPG	TOP2A	INTERACTS_WITH
NCAPG	TPX2	INTERACTS_WITH
NCAPG	TTK	INTERACTS_WITH
NCAPG	UBE2C	INTERACTS_WITH
NDC80	NUSAP1	INTERACTS_WITH
NDC80	PBK	INTERACTS_WITH
NDC80	PTTG1	INTERACTS_WITH
NDC80	RRM2	INTERACTS_WITH
NDC80	SGO1	INTERACTS_WITH
NDC80	TOP2A	INTERACTS_WITH
NDC80	TPX2	INTERACTS_WITH
NDC80	TTK	INTERACTS_WITH
NDC80	TUBA1A	INTERACTS_WITH
NDC80	TUBB2B	INTERACTS_WITH
NDC80	TYMS	INTERACTS_WITH
NDC80	UBE2C	INTERACTS_WITH
NEFH	NEFL	INTERACTS_WITH
NEFH	NEFM	INTERACTS_WITH
NEFL	NEFM	INTERACTS_WITH
NEFL	NES	INTERACTS_WITH
NEFL	NRGN	INTERACTS_WITH
NEFL	VIM	INTERACTS_WITH
NEFM	NES	INTERACTS_WITH
NEFM	VIM	INTERACTS_WITH
NEIL3	TOP2A	INTERACTS_WITH
NES	OLIG2	INTERACTS_WITH
NES	PDGFRA	INTERACTS_WITH
NES	SLC1A3	INTERACTS_WITH
NES	TBR1	INTERACTS_WITH
NES	TUBB3	INTERACTS_WITH
NES	VIM	INTERACTS_WITH
NEU4	UGT8	INTERACTS_WITH
NEUROD2	TBR1	INTERACTS_WITH
NEUROD6	SATB2	INTERACTS_WITH
NEUROD6	TBR1	INTERACTS_WITH
NEUROG1	SOCS1	INTERACTS_WITH
NEUROG2	OLIG2	INTERACTS_WITH
NEUROG2	OTX2	INTERACTS_WITH
NEUROG2	SOX3	INTERACTS_WITH
NEUROG2	TBR1	INTERACTS_WITH
NGF	NGFR	INTERACTS_WITH
NGF	NRG1	INTERACTS_WITH
NGF	NTF3	INTERACTS_WITH
NGF	PDGFRA	INTERACTS_WITH
NGF	PDGFRB	INTERACTS_WITH
NGF	SORCS3	INTERACTS_WITH
NGF	TAC1	INTERACTS_WITH
NGF	TIE1	INTERACTS_WITH
NGF	TRPV4	INTERACTS_WITH
NGFR	NTF3	INTERACTS_WITH
NGFR	TGFA	INTERACTS_WITH
NKX2-2	OLIG1	INTERACTS_WITH
NKX2-2	OLIG2	INTERACTS_WITH
NKX2-2	SOX10	INTERACTS_WITH
NKX2-2	SST	INTERACTS_WITH
NKX6-2	OLIG2	INTERACTS_WITH
NKX6-2	SST	INTERACTS_WITH
NOS1	PLN	INTERACTS_WITH
NOS1	RYR1	INTERACTS_WITH
NOTCH3	NOTCH4	INTERACTS_WITH
NOTCH3	NRARP	INTERACTS_WITH
NOTCH3	PDGFRB	INTERACTS_WITH
NPSR1	POLR2F	INTERACTS_WITH
NPSR1	RPS17	INTERACTS_WITH
NRG1	PVALB	INTERACTS_WITH
NRG1	TGFA	INTERACTS_WITH
NRP1	SEMA3C	INTERACTS_WITH
NRP1	SEMA3D	INTERACTS_WITH
NRP1	SEMA3E	INTERACTS_WITH
NRP1	SEMA4A	INTERACTS_WITH
NRP1	SLC2A1	INTERACTS_WITH
NTF3	PDGFRA	INTERACTS_WITH
NTF3	PDGFRB	INTERACTS_WITH
NUSAP1	PBK	INTERACTS_WITH
NUSAP1	PTTG1	INTERACTS_WITH
NUSAP1	RRM2	INTERACTS_WITH
NUSAP1	SGO1	INTERACTS_WITH
NUSAP1	TOP2A	INTERACTS_WITH
NUSAP1	TPX2	INTERACTS_WITH
NUSAP1	TTK	INTERACTS_WITH
NUSAP1	TYMS	INTERACTS_WITH
NUSAP1	UBE2C	INTERACTS_WITH
OGN	OMD	INTERACTS_WITH
OGN	PRELP	INTERACTS_WITH
OGN	VCAN	INTERACTS_WITH
OLFML3	P2RY12	INTERACTS_WITH
OLIG1	OLIG2	INTERACTS_WITH
OLIG1	PDGFRA	INTERACTS_WITH
OLIG1	PLP1	INTERACTS_WITH
OLIG1	SOX10	INTERACTS_WITH
OLIG1	SOX8	INTERACTS_WITH
OLIG2	PDGFRA	INTERACTS_WITH
OLIG2	PLP1	INTERACTS_WITH
OLIG2	PVALB	INTERACTS_WITH
OLIG2	SOX10	INTERACTS_WITH
OLIG2	SOX8	INTERACTS_WITH
OMD	PRELP	INTERACTS_WITH
OPALIN	TMEM235	INTERACTS_WITH
OPRD1	OPRM1	INTERACTS_WITH
OPRD1	PDYN	INTERACTS_WITH
OPRD1	PENK	INTERACTS_WITH
OPRD1	PNOC	INTERACTS_WITH
OPRM1	PDYN	INTERACTS_WITH
OPRM1	PENK	INTERACTS_WITH
OPRM1	PNOC	INTERACTS_WITH
OPRM1	SST	INTERACTS_WITH
OPRM1	TACR1	INTERACTS_WITH
OTOF	PCDH15	INTERACTS_WITH
OTOF	SLC26A4	INTERACTS_WITH
OTOF	STX1A	INTERACTS_WITH
OTOF	SYT2	INTERACTS_WITH
OTX2	PAX2	INTERACTS_WITH
OTX2	SIX3	INTERACTS_WITH
OTX2	SOX3	INTERACTS_WITH
P2RX7	P2RY12	INTERACTS_WITH
P2RY12	P2RY13	INTERACTS_WITH
P2RY12	P2RY14	INTERACTS_WITH
P2RY13	P2RY14	INTERACTS_WITH
PAMR1	SLC1A2	INTERACTS_WITH
PAX2	SIX1	INTERACTS_WITH
PAX3	SIX1	INTERACTS_WITH
PAX3	SNAI2	INTERACTS_WITH
PAX3	SOX10	INTERACTS_WITH
PAX3	TYRP1	INTERACTS_WITH
PBK	PTTG1	INTERACTS_WITH
PBK	RRM2	INTERACTS_WITH
PBK	SGO1	INTERACTS_WITH
PBK	TOP2A	INTERACTS_WITH
PBK	TPX2	INTERACTS_WITH
PBK	TTK	INTERACTS_WITH
PBK	TYMS	INTERACTS_WITH
PBK	UBE2C	INTERACTS_WITH
PBK	UHRF1	INTERACTS_WITH
PBX3	TSHZ1	INTERACTS_WITH
PCDH15	TMC2	INTERACTS_WITH
PDE1A	PDE1B	INTERACTS_WITH
PDE1B	PPP1R1B	INTERACTS_WITH
PDGFD	PDGFRA	INTERACTS_WITH
PDGFD	PDGFRB	INTERACTS_WITH
PDGFD	TGFA	INTERACTS_WITH
PDGFRA	PDGFRB	INTERACTS_WITH
PDGFRA	PECAM1	INTERACTS_WITH
PDGFRA	SOX10	INTERACTS_WITH
PDGFRA	TGFA	INTERACTS_WITH
PDGFRB	PECAM1	INTERACTS_WITH
PDGFRB	TAGLN	INTERACTS_WITH
PDGFRB	TGFA	INTERACTS_WITH
PDYN	PENK	INTERACTS_WITH
PDYN	PNOC	INTERACTS_WITH
PDYN	PPP1R1B	INTERACTS_WITH
PDYN	SST	INTERACTS_WITH
PDYN	TAC1	INTERACTS_WITH
PDYN	TAC3	INTERACTS_WITH
PDYN	VIP	INTERACTS_WITH
PECAM1	SDC1	INTERACTS_WITH
PECAM1	TIE1	INTERACTS_WITH
PECAM1	VWF	INTERACTS_WITH
PENK	PNOC	INTERACTS_WITH
PENK	SST	INTERACTS_WITH
PENK	TAC1	INTERACTS_WITH
PIWIL1	TDRD5	INTERACTS_WITH
PKP2	SCN5A	INTERACTS_WITH
PLD4	PLPP4	INTERACTS_WITH
PLP1	SOX10	INTERACTS_WITH
PLPP2	PLPP4	INTERACTS_WITH
PLPP2	UGT8	INTERACTS_WITH
PLXDC1	RASD2	INTERACTS_WITH
PNOC	SST	INTERACTS_WITH
PNOC	TAC1	INTERACTS_WITH
POU2AF1	SYK	INTERACTS_WITH
POU3F1	SOX10	INTERACTS_WITH
PPFIA2	PTPRD	INTERACTS_WITH
PRDM1	SDC1	INTERACTS_WITH
PRDM16	TMEM26	INTERACTS_WITH
PROX1	SOX18	INTERACTS_WITH
PRUNE2	TTPA	INTERACTS_WITH
PTGDR2	PTGER3	INTERACTS_WITH
PTH1R	PTH2R	INTERACTS_WITH
PTH1R	PTHLH	INTERACTS_WITH
PTH2R	PTHLH	INTERACTS_WITH
PTPN5	PTPN7	INTERACTS_WITH
PTPRZ1	SDC1	INTERACTS_WITH
PTPRZ1	VCAN	INTERACTS_WITH
PTTG1	RRM2	INTERACTS_WITH
PTTG1	SGO1	INTERACTS_WITH
PTTG1	TOP2A	INTERACTS_WITH
PTTG1	TPX2	INTERACTS_WITH
PTTG1	TTK	INTERACTS_WITH
PTTG1	TYMS	INTERACTS_WITH
PTTG1	UBE2C	INTERACTS_WITH
PVALB	SLC17A6	INTERACTS_WITH
PVALB	SLC17A7	INTERACTS_WITH
PVALB	SLC32A1	INTERACTS_WITH
PVALB	SST	INTERACTS_WITH
PVALB	VIP	INTERACTS_WITH
RARB	RXRG	INTERACTS_WITH
RBP4	STRA6	INTERACTS_WITH
RBP4	TTR	INTERACTS_WITH
RDH12	ROM1	INTERACTS_WITH
RELN	TBR1	INTERACTS_WITH
RNASEH2A	TOP2A	INTERACTS_WITH
RNASEH2A	TYMS	INTERACTS_WITH
ROBO4	SOX18	INTERACTS_WITH
RORA	RORB	INTERACTS_WITH
RORA	TRPC3	INTERACTS_WITH
RRM2	TOP2A	INTERACTS_WITH
RRM2	TPX2	INTERACTS_WITH
RRM2	TTK	INTERACTS_WITH
RRM2	TYMS	INTERACTS_WITH
RRM2	UBE2C	INTERACTS_WITH
RRM2	UHRF1	INTERACTS_WITH
RSPO3	SDC4	INTERACTS_WITH
RTKN	SEPTIN4	INTERACTS_WITH
RYR1	TRDN	INTERACTS_WITH
S100A11	S100A6	INTERACTS_WITH
S100A4	S100A6	INTERACTS_WITH
S100A4	VIM	INTERACTS_WITH
S100A6	TMSB10	INTERACTS_WITH
SATB1	SATB2	INTERACTS_WITH
SATB2	TBR1	INTERACTS_WITH
SCGN	TAC1	INTERACTS_WITH
SCN4B	SCN5A	INTERACTS_WITH
SCN4B	SCNN1A	INTERACTS_WITH
SCN5A	SCNN1A	INTERACTS_WITH
SCN5A	TNNT2	INTERACTS_WITH
SCNN1A	WNK4	INTERACTS_WITH
SDC1	SDC4	INTERACTS_WITH
SDC1	TNC	INTERACTS_WITH
SDC1	TNR	INTERACTS_WITH
SDC1	VCAN	INTERACTS_WITH
SDC4	TNC	INTERACTS_WITH
SDC4	TNR	INTERACTS_WITH
SDC4	VCAN	INTERACTS_WITH
SELPLG	VWF	INTERACTS_WITH
SEMA6D	TYROBP	INTERACTS_WITH
SFRP2	WIF1	INTERACTS_WITH
SGO1	TTK	INTERACTS_WITH
SHOX2	TBX18	INTERACTS_WITH
SHOX2	TBX3	INTERACTS_WITH
SIX1	SNAI2	INTERACTS_WITH
SLC17A6	SLC17A7	INTERACTS_WITH
SLC17A6	SLC1A2	INTERACTS_WITH
SLC17A6	SLC32A1	INTERACTS_WITH
SLC17A7	SLC1A2	INTERACTS_WITH
SLC17A7	SLC32A1	INTERACTS_WITH
SLC17A7	STX1A	INTERACTS_WITH
SLC17A7	SYN3	INTERACTS_WITH
SLC17A7	TBR1	INTERACTS_WITH
SLC19A1	TYMS	INTERACTS_WITH
SLC1A2	SLC1A3	INTERACTS_WITH
SLC1A2	SLC32A1	INTERACTS_WITH
SLC1A2	SLC7A11	INTERACTS_WITH
SLC22A8	SLC47A1	INTERACTS_WITH
SLC22A8	SLC47A2	INTERACTS_WITH
SLC22A8	SLCO4C1	INTERACTS_WITH
SLC22A9	SLC47A1	INTERACTS_WITH
SLC22A9	SLC47A2	INTERACTS_WITH
SLC24A4	TYRP1	INTERACTS_WITH
SLC26A4	SLC5A5	INTERACTS_WITH
SLC26A4	SLC5A8	INTERACTS_WITH
SLC26A4	TG	INTERACTS_WITH
SLC2A1	SLC5A5	INTERACTS_WITH
SLC2A1	SLC7A5	INTERACTS_WITH
SLC2A1	TXNIP	INTERACTS_WITH
SLC32A1	SST	INTERACTS_WITH
SLC32A1	SYN3	INTERACTS_WITH
SLC47A1	SLCO4C1	INTERACTS_WITH
SLC5A5	TG	INTERACTS_WITH
SLC6A11	SLC6A13	INTERACTS_WITH
SLC6A11	TTPA	INTERACTS_WITH
SLC7A11	SLC7A5	INTERACTS_WITH
SMTN	TAGLN	INTERACTS_WITH
SNAI2	SOX10	INTERACTS_WITH
SNAI2	TWIST1	INTERACTS_WITH
SNAI2	VIM	INTERACTS_WITH
SOCS1	SOCS3	INTERACTS_WITH
SOCS1	SYK	INTERACTS_WITH
SOCS3	STAT4	INTERACTS_WITH
SOCS3	TLR2	INTERACTS_WITH
SOX10	TYRP1	INTERACTS_WITH
SST	SSTR3	INTERACTS_WITH
SST	TAC1	INTERACTS_WITH
SST	TACR1	INTERACTS_WITH
SST	VIP	INTERACTS_WITH
ST8SIA2	STX1A	INTERACTS_WITH
STMN1	STMN2	INTERACTS_WITH
STMN1	TYMS	INTERACTS_WITH
STMN2	TRPC5	INTERACTS_WITH
STRA6	TTR	INTERACTS_WITH
STX1A	STXBP5L	INTERACTS_WITH
STX1A	SYN3	INTERACTS_WITH
STX1A	SYT2	INTERACTS_WITH
SV2B	SV2C	INTERACTS_WITH
SYK	TLR2	INTERACTS_WITH
SYK	TYROBP	INTERACTS_WITH
SYK	VWF	INTERACTS_WITH
TAC1	TAC3	INTERACTS_WITH
TAC1	TACR1	INTERACTS_WITH
TAC1	TRPC7	INTERACTS_WITH
TAC1	VIP	INTERACTS_WITH
TAC3	TACR1	INTERACTS_WITH
TACR1	VIP	INTERACTS_WITH
TAGLN	TPM2	INTERACTS_WITH
TEKT1	TUBA1A	INTERACTS_WITH
TESPA1	THEMIS	INTERACTS_WITH
TF	TTR	INTERACTS_WITH
TFAP2A	TFAP2B	INTERACTS_WITH
TFAP2A	TGFA	INTERACTS_WITH
TFPI	VWF	INTERACTS_WITH
TLR2	VCAN	INTERACTS_WITH
TNNT2	TPM2	INTERACTS_WITH
TOP2A	TPX2	INTERACTS_WITH
TOP2A	TROAP	INTERACTS_WITH
TOP2A	TTK	INTERACTS_WITH
TOP2A	TYMS	INTERACTS_WITH
TOP2A	UBE2C	INTERACTS_WITH
TOP2A	UHRF1	INTERACTS_WITH
TPX2	TTK	INTERACTS_WITH
TPX2	TUBB2B	INTERACTS_WITH
TPX2	UBE2C	INTERACTS_WITH
TROAP	UBE2C	INTERACTS_WITH
TRPC3	TRPC5	INTERACTS_WITH
TRPC3	TRPC7	INTERACTS_WITH
TRPC3	TRPV4	INTERACTS_WITH
TRPC5	TRPV4	INTERACTS_WITH
TRPM3	TRPV4	INTERACTS_WITH
TTK	UBE2C	INTERACTS_WITH
TUBA1A	TUBB	INTERACTS_WITH
TUBA1A	TUBB2B	INTERACTS_WITH
TUBA1A	TUBB3	INTERACTS_WITH
TUBA1A	VASH2	INTERACTS_WITH
TUBA4B	TUBB2B	INTERACTS_WITH
TUBA4B	TUBB3	INTERACTS_WITH
TUBB2B	VASH2	INTERACTS_WITH
TWIST1	VIM	INTERACTS_WITH
TYMS	UBE2C	INTERACTS_WITH
VIP	VIPR1	INTERACTS_WITH
VIP	VIPR2	INTERACTS_WITH
VIPR1	VIPR2	INTERACTS_WITH
